id.practice,X1,X2,X3,X4,X5,X6,X7,X8,X9
1,0,B,1,A,1,32.29,5.232,0.693,136.932
2,0,C,0,A,0,26.783,5.755,0.39,4.692
3,1,A,0,A,0,23.083,2.726,0.184,94.946
4,1,B,1,A,1,18.548,20.897,0.154,68.425
5,0,A,1,B,0,34.221,9.523,0.362,66.263
6,0,B,1,A,1,25.159,13.119,0.479,70.511
7,0,A,0,A,0,30.999,3.294,0.339,3.9
8,0,C,0,A,0,28.24,7.898,0.253,7.796
9,1,A,1,B,0,34.276,0,0.529,98.926
10,1,C,1,A,1,26.004,16.137,0.242,79.201
11,1,B,1,A,0,30.651,9.252,0.509,25.627
12,1,B,0,B,0,15.012,11.725,0.454,42.987
13,1,B,1,A,0,26.509,6.472,0.601,3.708
14,0,B,1,A,1,35.445,1.861,0.342,38.36
15,0,B,0,A,0,16.999,7.5,0.285,1.034
16,1,B,0,A,0,29.781,6.724,0.25,-37.383
17,0,A,0,A,0,30.635,2.749,0.273,34.43
18,1,B,0,A,1,30.258,10.224,0.697,5.212
19,0,B,1,A,0,27.862,11.812,0.546,3.081
20,0,C,1,A,1,32.781,5.318,0.282,50.1
21,1,B,0,A,1,32.576,16.515,0.608,43.977
22,0,B,1,C,1,41.544,11.306,0.432,19.319
23,1,A,0,A,0,28.352,4.653,0.564,-3.314
24,0,A,1,A,1,27.958,6.785,0.412,-5.462
25,0,A,1,A,0,39.789,8,0.429,16.197
26,0,A,0,B,1,23.953,3.831,0.547,7.79
27,0,B,1,C,0,33.544,2.379,0.526,-9.687
28,1,A,1,A,1,25.301,5.507,0.282,-6.639
29,0,A,0,A,0,16.24,3.392,0.368,36.855
30,1,A,0,A,0,28.492,1.667,0.228,17.107
31,0,B,1,A,1,38.753,15.547,0.522,27.263
32,1,B,1,A,1,23.339,8.476,0.31,-10.135
33,0,A,0,A,0,25.869,4.15,0.476,-37.704
34,0,A,1,A,0,26.262,7.535,0.378,83.4
35,1,B,0,A,0,45.841,9.636,0.439,-9.202
36,1,A,1,B,0,25.802,3.664,0.397,27.309
37,1,A,1,A,0,22.909,5.243,0.604,4.298
38,0,B,0,B,0,36.596,3.909,0.515,114.421
39,1,C,1,A,1,20.735,18.922,0.479,29.592
40,1,C,1,A,1,17.538,18.89,0.63,3.576
41,1,B,0,B,0,20.72,7.215,0.36,23.668
42,1,A,0,A,0,28.561,7.242,0.544,11.902
43,0,A,1,C,0,31.082,5.759,0.448,67.531
44,1,A,1,A,0,27.863,3.984,0.224,15.63
45,1,C,1,B,1,24.505,4.408,0.224,12.32
46,1,B,1,A,1,41.583,20.026,0.423,38.817
47,0,A,1,C,0,39.374,4.688,0.755,84.759
48,0,B,1,A,1,21.28,12.137,0.713,29.05
49,0,A,0,A,0,23.191,0.986,0.526,47.98
50,0,A,0,C,0,49.888,7.762,0.243,-41.102
51,1,A,0,B,0,25.444,4.638,0.525,85.987
52,1,B,1,A,1,25.678,14.852,0.141,17.724
53,0,C,1,A,1,40.913,8.882,0.419,30.784
54,0,A,1,A,0,25.652,6.049,0.632,-35.432
55,0,B,1,B,0,16.921,4.223,0.228,26.267
56,1,A,1,A,1,24.502,11.958,0.229,22.661
57,1,B,1,A,0,30.428,5.333,0.355,9.462
58,1,C,1,A,1,36.347,11.553,0.425,8.225
59,1,B,1,A,1,22.037,20.197,0.338,0.876
60,1,A,0,A,0,37.27,4.644,0.128,-19.708
61,0,B,0,A,0,42.097,1.467,0.611,9.443
62,1,B,0,A,0,43.091,7.585,0.418,65.027
63,0,B,1,A,0,21.325,3.581,0.245,8.403
64,0,A,0,A,0,28.528,5.617,0.213,-38.033
65,0,C,1,A,1,18.683,2.048,0.558,119.211
66,1,B,0,A,1,18.688,13.521,0.586,43.362
67,1,A,0,A,0,31.089,6.958,0.277,15.612
68,0,B,1,A,1,25.919,6.735,0.358,76.438
69,0,B,1,B,0,23.969,2.379,0.216,-36.329
70,1,B,0,A,1,23.181,23.23,0.358,33.318
71,0,B,1,A,0,38.071,9.158,0.508,-6.081
72,1,C,1,A,1,25.95,23.092,0.175,-13.955
73,0,A,1,C,1,24.14,8.925,0.633,25.069
74,1,A,1,A,1,19.572,12.731,0.618,12.996
75,1,C,1,C,1,16.966,17.519,0.62,16.013
76,0,B,0,A,1,22.347,12.672,0.322,19.767
77,1,A,0,C,0,21.036,4.43,0.629,-15.85
78,1,A,0,B,0,19.635,5.842,0.361,-7.463
79,0,B,1,A,1,42.651,8.088,0.803,0.178
80,1,B,1,C,1,21.486,13.806,0.233,35.688
81,0,B,1,A,1,21.8,4.97,0.159,31.197
82,1,A,1,A,0,19.994,6.319,0.607,35.652
83,1,C,1,A,0,15.845,3.443,0.373,25.199
84,0,B,1,A,0,32.917,1.966,0.164,31.179
85,0,B,0,C,0,22.577,7.261,0.686,-41.182
86,0,B,1,B,1,30.774,12.525,0.383,-5.804
87,0,C,1,B,1,31.721,7.771,0.471,5.735
88,1,B,1,B,0,27.496,3.541,0.582,38.691
89,0,B,1,C,0,26.308,7.328,0.387,-30.122
90,0,A,0,A,0,35.956,3.233,0.346,-17.324
91,0,A,0,B,0,30.007,3.812,0.737,-9.129
92,0,A,1,A,1,26.639,7.514,0.462,-47.82
93,1,A,1,A,0,21.608,2.474,0.428,-9.497
94,0,C,0,A,0,15.596,4.594,0.301,78.767
95,0,C,0,A,1,39.949,9.435,0.232,23.647
96,0,A,1,A,0,22.217,2.964,0.329,-33.325
97,1,A,1,A,1,25.936,13.479,0.258,-36.895
98,0,C,0,A,1,33.695,11.128,0.394,52.779
99,0,A,1,B,0,20.584,0,0.599,13.617
100,0,B,0,A,0,35.053,5.995,0.372,34.566
101,1,C,1,A,1,17.08,12.835,0.202,24.527
102,0,B,0,B,0,28.585,1.513,0.441,-24.665
103,1,B,1,A,1,23.525,18.784,0.153,-20.965
104,1,A,0,A,1,18.323,18.603,0.107,67.341
105,1,A,0,A,0,25.387,8.352,0.443,62.343
106,0,A,0,B,0,37.123,3.674,0.337,88.405
107,0,C,1,B,1,39.216,14.366,0.529,-27.102
108,1,B,1,A,0,27.033,1.615,0.253,50.047
109,1,A,0,A,0,21.805,1.896,0.502,-34.426
110,1,A,1,A,1,33.304,14.759,0.21,89.309
111,1,C,0,A,1,19.079,18.916,0.438,59.141
112,0,B,1,B,1,22.129,16.842,0.392,56.924
113,1,A,1,C,0,33.446,6.522,0.139,42.192
114,0,A,1,A,0,38.415,4.485,0.291,45.071
115,0,A,1,A,1,29.275,0.037,0.369,38.217
116,1,C,0,A,0,32.204,1.117,0.182,31.243
117,1,A,1,A,1,41.665,21.441,0.351,15.11
118,1,B,1,A,0,18.913,3.622,0.419,63.341
119,0,A,1,A,0,18.686,4.661,0.474,47.381
120,0,A,1,A,0,31.536,3.475,0.212,22.28
121,1,A,0,A,1,37.604,24.453,0.317,68.987
122,1,A,0,B,0,19.171,8.734,0.585,-39.051
123,1,B,0,A,0,23.676,6.55,0.314,40.993
124,0,C,0,A,1,16.295,11.359,0.315,3.537
125,0,A,0,A,0,30.615,6.43,0.445,-61.814
126,1,A,0,C,0,29.57,3.662,0.584,5.621
127,0,A,1,A,1,30.862,16.705,0.254,-25.375
128,0,B,1,A,0,26.694,7.724,0.473,18.136
129,1,A,0,A,0,42.565,5.463,0.424,-69.031
130,0,B,0,A,0,38.535,6.037,0.338,32.239
131,1,A,0,A,0,17.825,5.707,0.662,51.54
132,1,A,0,A,0,42.214,5.298,0.209,22.473
133,1,A,1,A,1,24.727,12.598,0.292,-9.695
134,0,C,1,A,1,26.103,14.002,0.458,16.325
135,0,B,1,A,0,35.731,7.662,0.344,-2.706
136,1,A,1,A,1,30.539,14.725,0.245,65.224
137,0,C,1,A,0,24.878,11.482,0.407,35.493
138,1,C,1,A,1,17.726,12.585,0.483,23.558
139,1,A,0,A,1,36.961,20.692,0.272,-48.541
140,0,C,1,A,0,37.275,5.078,0.447,-10.895
141,1,A,1,A,0,28.054,10.229,0.498,-32.35
142,0,B,1,A,0,25.951,10.715,0.211,-101.672
143,1,B,1,B,0,41.921,3.845,0.51,61.304
144,0,A,0,C,0,23.395,0,0.221,-18.422
145,0,B,0,B,0,17.542,3.075,0.625,4.944
146,1,B,0,A,1,47.237,14.701,0.438,-6.805
147,1,A,1,A,1,20.837,16.787,0.573,6.65
148,0,C,0,A,1,24.246,16.242,0.502,67.982
149,0,A,1,B,1,67.963,13.109,0.13,42.171
150,0,A,0,A,1,19.622,9.563,0.282,50.12
151,1,B,1,B,1,30.475,18.12,0.27,46.253
152,1,A,1,A,1,12.38,14.83,0.39,24.42
153,1,B,0,A,1,26.841,22.315,0.52,144.658
154,0,B,1,A,0,28.106,2.888,0.204,1.036
155,1,C,0,A,0,35.253,0.287,0.583,-14.504
156,1,A,1,C,1,25.788,10.172,0.373,131.686
157,0,C,1,B,0,20.276,5.763,0.357,33.431
158,1,A,1,A,0,23.749,9.745,0.252,18.474
159,0,B,0,A,0,20.137,0,0.641,81.868
160,0,C,1,A,1,51.112,16.579,0.458,40.525
161,1,B,0,A,1,27.178,16.334,0.438,40.729
162,0,A,0,C,1,21.808,5.391,0.491,36.758
163,1,C,1,A,1,19.172,14.675,0.288,70.402
164,1,C,1,A,1,20.529,18.016,0.418,54.956
165,1,B,0,A,1,19.682,11.94,0.275,27.941
166,0,C,1,C,1,39.744,6.997,0.517,55.458
167,0,C,1,A,1,28.867,1.843,0.158,144.419
168,0,B,0,A,0,21.892,6.784,0.645,28.149
169,1,A,1,A,0,31.349,0.908,0.589,34.118
170,1,A,0,A,1,30.687,22.409,0.644,-5.231
171,1,A,0,A,1,35.577,17.822,0.448,23.986
172,0,C,1,A,0,18.562,7.182,0.37,121.486
173,0,B,1,A,0,26.441,6.604,0.43,23.382
174,1,B,0,A,0,41.613,9.105,0.203,71.686
175,1,A,0,B,0,23.085,7.453,0.459,108.387
176,1,B,1,A,1,20.825,15.439,0.422,31.517
177,1,B,1,A,0,25.221,2.387,0.72,74.456
178,0,A,0,C,0,21.423,3.108,0.229,59.189
179,0,B,1,A,1,16.852,7.716,0.297,-44.707
180,0,B,0,A,1,41.281,9.245,0.673,0.615
181,0,B,0,A,1,25.527,14.265,0.39,29.749
182,0,B,1,A,1,29.709,12.298,0.271,58.958
183,1,A,1,A,0,25.728,3.892,0.411,31.416
184,1,B,1,B,1,16.174,14.253,0.687,37.249
185,0,A,1,A,0,20.299,7.918,0.497,33.4
186,1,B,0,A,0,33.837,7.242,0.347,-58.102
187,1,A,1,A,0,24.638,6.07,0.564,67.193
188,0,A,1,C,0,36.933,4.837,0.246,-36.803
189,0,B,1,B,0,26.599,4.591,0.239,-48.643
190,1,A,0,A,0,42.661,5.641,0.548,-24.063
191,1,A,1,B,1,47.719,16.389,0.538,49.896
192,1,A,0,A,0,25.575,8.411,0.466,26.453
193,1,C,0,A,1,18.808,10.121,0.544,-16.974
194,0,B,1,B,1,33.126,11.695,0.646,-10.048
195,0,B,1,A,0,21.236,6.297,0.353,43.857
196,1,A,0,C,0,19.676,3.083,0.695,52.891
197,0,A,0,A,0,42.249,5.283,0.312,13.253
198,1,A,1,C,1,43.66,11.212,0.674,46.742
199,1,B,0,A,0,38.944,3.438,0.563,-8.033
200,1,C,0,A,0,21.74,7.112,0.619,41.506
201,0,B,1,A,1,26.483,11.975,0.617,115.48
202,0,C,0,A,1,29.983,8.255,0.449,-13.688
203,0,B,0,A,1,24.632,11.816,0.714,-22.593
204,0,C,1,A,0,42.955,0,0.337,17.937
205,0,A,0,A,0,28.444,5.102,0.621,7.706
206,0,A,0,C,0,35.983,1.812,0.426,48.051
207,0,A,0,A,0,24.209,10.621,0.312,-4.282
208,0,B,1,A,0,21.053,8.974,0.588,-44.376
209,0,C,1,C,1,22.328,11.256,0.687,44.263
210,0,B,0,C,0,45.112,0.869,0.574,28.507
211,0,A,1,A,1,23.975,13.579,0.119,7.061
212,1,B,1,A,1,20.099,7.979,0.279,6.713
213,0,B,0,A,1,48.909,11.134,0.501,26.508
214,1,A,1,A,1,28.136,15.284,0.437,-61.053
215,0,C,1,A,1,28.766,16.666,0.405,48.202
216,0,A,0,A,0,27.754,6.793,0.293,-23.965
217,0,A,0,B,0,52.382,7.504,0.238,42.806
218,1,B,1,B,1,35.031,13.416,0.364,73.162
219,1,A,1,A,1,40.071,20.573,0.261,92.148
220,1,B,0,A,0,27.556,6.342,0.508,30.071
221,0,B,0,A,1,34.27,7.576,0.395,82.103
222,0,A,0,A,0,27.824,8.776,0.312,-7.017
223,0,A,1,A,0,26.903,6.564,0.234,53.269
224,0,A,0,A,1,39.709,6.241,0.489,40.317
225,0,A,0,A,0,35.411,0,0.507,34.955
226,0,A,1,A,0,21.52,3.645,0.379,48.383
227,0,A,1,A,0,30.158,7.223,0.449,-37.722
228,1,C,1,A,1,46.033,13.431,0.622,-37.144
229,1,C,1,A,1,34.525,13.236,0.521,7.828
230,1,B,0,A,0,22.077,1.524,0.461,97.607
231,0,A,0,A,1,16.699,13.46,0.551,66.156
232,0,C,0,B,0,25.283,4.906,0.375,37.904
233,0,B,0,A,1,28.235,10.309,0.479,-18.171
234,1,A,1,B,0,40.227,4.849,0.448,-35.591
235,1,C,0,A,1,20.219,15.875,0.512,33.093
236,0,A,0,A,1,28.378,9.194,0.386,63.41
237,0,A,1,B,0,42.058,7.069,0.533,96.98
238,0,B,1,A,0,34.787,3.911,0.367,-1.731
239,0,C,0,A,1,20.131,15.755,0.439,73.008
240,0,C,0,A,1,30.982,5.419,0.499,19.643
241,0,A,1,A,1,17.691,10.459,0.35,-21.526
242,0,B,0,B,1,29,12.426,0.556,22.374
243,0,B,0,A,0,36.099,13.468,0.452,11.607
244,0,A,0,A,1,23.869,17.458,0.294,10.143
245,0,C,1,A,0,27.627,4.739,0.33,52.566
246,1,A,1,C,0,17.83,3.011,0.537,-39.6
247,1,B,1,A,1,32.205,12.626,0.4,35.466
248,1,A,1,B,0,27.604,0,0.32,-34.446
249,1,C,1,B,1,35.152,18.334,0.674,95.146
250,1,B,1,A,0,37.618,3.553,0.461,73.527
251,0,A,1,C,1,29.921,8.418,0.349,31.244
252,0,B,1,A,0,19.213,0.496,0.477,6.686
253,1,A,0,A,0,34.814,0,0.22,7.841
254,1,B,0,A,1,22,13.138,0.425,46.848
255,0,C,1,A,0,23.019,5.459,0.289,-17.556
256,0,A,0,A,0,26.683,2.466,0.345,-61.718
257,0,C,0,A,0,24.619,5.23,0.138,73.721
258,1,B,0,A,1,18.748,9.111,0.35,63.555
259,1,C,1,A,1,42.795,13.444,0.199,12.866
260,1,C,1,A,1,41.374,14.621,0.26,47.824
261,0,A,0,A,0,16.395,7.443,0.367,86.24
262,1,B,1,A,0,42.125,4.065,0.469,63.342
263,0,C,0,A,1,38.252,6.292,0.371,50.509
264,0,A,1,A,0,29.369,3.469,0.295,26.643
265,1,A,1,B,1,27.36,11.78,0.711,7.255
266,0,C,1,A,1,23.852,3.984,0.11,20.167
267,0,A,1,B,1,18.827,4.652,0.397,19.444
268,1,C,1,A,0,27.781,9.669,0.18,53.205
269,1,A,1,A,0,26.532,4.152,0.254,55.901
270,1,A,1,A,1,28.908,17.546,0.279,105.299
271,1,A,1,A,0,21.748,2.821,0.295,-26.73
272,1,C,1,A,1,35.662,16.732,0.324,96.87
273,0,B,0,B,0,17.963,2.516,0.417,36.066
274,1,A,0,A,0,26.256,0.787,0.312,93.804
275,0,B,0,C,0,65.518,4.132,0.256,23.283
276,0,C,0,B,1,51.588,13.531,0.281,-3.209
277,1,A,1,A,0,23.27,4.217,0.399,15.591
278,1,B,0,A,0,22.348,8.181,0.55,-56.969
279,0,A,1,A,1,24.526,11.421,0.24,123.874
280,1,B,0,A,0,32.997,6.521,0.253,86.168
281,0,A,0,A,1,40.414,13.195,0.591,-67.854
282,0,B,1,A,0,34.237,7.764,0.607,73.029
283,1,C,1,B,1,23.41,13.414,0.33,61.708
284,0,B,0,A,1,13.662,11.018,0.509,13.613
285,1,C,1,A,0,32.491,2.084,0.236,70.89
286,0,C,1,A,1,30.998,8.43,0.511,62.663
287,1,C,1,C,1,18.807,12.218,0.431,15.346
288,0,B,1,B,1,24.17,9.913,0.408,-44.111
289,1,B,1,C,1,26.215,21.638,0.484,53.165
290,1,C,1,A,0,17.217,6.537,0.393,101.39
291,0,B,1,A,1,22.2,11.663,0.438,-12.116
292,1,A,0,A,0,20.974,4.512,0.239,-11.04
293,0,A,0,A,0,35.248,4.278,0.553,22.506
294,0,A,1,C,0,36.542,5.581,0.361,12.428
295,1,A,1,A,1,31.527,18.051,0.31,-2.42
296,0,A,0,A,0,23.497,0,0.156,0.626
297,1,A,0,A,0,33.857,5.628,0.619,-15.989
298,1,C,0,A,0,17.693,5.641,0.397,37.542
299,0,C,0,B,0,25.273,3.015,0.635,22.844
300,0,A,1,A,0,29.053,8.583,0.372,12.813
301,0,B,0,A,1,22.379,12.787,0.417,39.291
302,0,A,0,A,0,19.995,10.616,0.324,-8.372
303,0,A,0,A,1,27.967,6.524,0.378,-10.222
304,1,A,1,A,0,22.051,0.381,0.626,-22.597
305,1,C,1,A,1,28.228,15.661,0.231,29.062
306,0,C,1,A,1,25.61,4.801,0.294,-22.435
307,0,C,1,A,1,18.315,13.513,0.639,27.826
308,1,B,1,A,1,25.056,11.61,0.295,40.328
309,1,A,0,A,1,28.941,7.309,0.21,28.398
310,1,A,1,B,0,26.157,3.891,0.545,89.101
311,0,C,1,A,1,23.643,6.97,0.345,0.838
312,0,B,1,A,1,29.355,7.399,0.472,-27.308
313,1,A,0,A,0,28.353,3.379,0.303,-5.663
314,0,C,1,B,0,36.792,3.469,0.43,2.157
315,0,B,0,A,0,17.527,0,0.465,43.953
316,1,A,0,A,0,34.79,0,0.318,47.597
317,1,C,0,A,1,35.928,12.407,0.319,27.501
318,1,B,0,B,0,39.068,9.101,0.434,54.664
319,1,B,1,A,1,20.263,17.13,0.388,11.204
320,1,C,1,A,1,27.656,8.187,0.263,-19.28
321,1,B,1,A,0,26.191,2.638,0.427,-52.951
322,1,C,1,A,0,19.324,5.291,0.43,62.445
323,1,A,1,A,0,29.834,6.094,0.278,21.862
324,0,C,1,A,1,42.201,14.538,0.469,95.66
325,1,C,0,A,1,37.222,4.662,0.338,-26.92
326,1,B,1,A,1,40.114,22.89,0.189,103.407
327,1,C,0,A,1,26.843,18.322,0.22,20.356
328,0,A,1,A,0,26.944,9.89,0.557,22.851
329,1,C,1,A,1,37.944,10.938,0.401,80.119
330,1,A,0,A,0,25.846,2.442,0.547,46.305
331,0,B,0,B,0,56.648,4.356,0.528,37.858
332,0,A,0,B,0,25.413,2.543,0.599,39.294
333,0,C,1,A,1,35.214,7.386,0.178,-31.924
334,0,B,0,B,1,17.923,7.273,0.493,53.029
335,0,A,1,C,1,21.739,6.043,0.766,51.158
336,1,C,0,A,1,24.875,6.472,0.473,69.499
337,1,A,0,A,0,35.319,8.376,0.32,23.521
338,0,C,1,A,0,34.177,5.102,0.334,-38.389
339,1,A,0,A,0,46.749,6.695,0.399,8.464
340,1,C,0,A,0,20.738,5.071,0.393,107.877
341,1,A,0,A,0,30.454,5.959,0.339,-38.829
342,0,A,1,B,0,34.428,8.481,0.269,69.639
343,1,C,0,A,1,27.301,23.126,0.257,-0.751
344,0,A,0,B,0,29.774,3.49,0.215,41.062
345,0,C,1,B,1,24.71,12.83,0.419,6.523
346,0,B,1,C,1,27.876,6.33,0.645,11.998
347,1,A,1,A,0,36.733,10.05,0.531,-83.589
348,1,A,0,A,0,25.92,6.192,0.252,119.096
349,0,B,0,A,0,42.132,2.442,0.18,4.059
350,1,B,1,A,1,27.378,11.859,0.311,83.536
351,0,B,0,A,0,24.411,5.03,0.452,12.671
352,0,C,1,A,1,32.689,9.881,0.164,39.848
353,0,A,0,B,0,35.794,8.585,0.397,16.777
354,0,B,1,A,0,25.983,2.956,0.584,90.798
355,1,C,0,A,1,28.141,17.647,0.394,-16.235
356,1,A,0,A,1,26.854,14.909,0.598,-7.806
357,0,A,0,C,1,22.584,7.746,0.428,12.735
358,0,B,0,A,0,19.123,2.576,0.432,76.197
359,1,B,0,B,1,30.562,17.794,0.346,-28.763
360,0,A,0,A,1,28.967,11.064,0.314,62.823
361,0,A,0,B,0,29.474,7.001,0.514,16.321
362,1,A,0,A,0,28.026,6.279,0.425,74.135
363,1,B,1,B,1,30.928,15.655,0.302,47.094
364,0,C,1,A,1,32.267,14.835,0.383,-18.785
365,0,A,0,A,1,20.294,12.947,0.622,-15.721
366,1,A,0,A,1,26.809,7.338,0.277,14.407
367,1,A,1,A,0,39.711,0.867,0.215,37.181
368,0,B,1,A,0,18.377,1.179,0.202,-0.797
369,0,A,0,A,0,34.469,3.6,0.151,20.661
370,0,B,1,A,1,33.672,8.695,0.356,48.303
371,0,C,1,C,1,23.705,12.67,0.331,48.662
372,1,B,0,A,0,34.978,3.685,0.564,86.142
373,1,A,1,A,0,23.007,7.119,0.407,37.583
374,1,A,1,A,0,23.831,3.977,0.218,-1.475
375,0,C,1,A,0,14.208,8.861,0.459,14.001
376,0,B,1,A,1,28.563,1.609,0.321,14.509
377,1,B,0,A,0,19.774,6.63,0.499,25.899
378,0,C,0,A,0,31.643,5.254,0.278,52.256
379,1,A,0,B,0,21.139,4.265,0.451,42.836
380,0,B,0,A,0,26.821,7.478,0.346,104.785
381,0,A,1,A,1,30.958,16.405,0.395,33.167
382,0,A,0,C,0,16.816,4.675,0.333,54.696
383,1,C,0,A,1,29.007,11.35,0.311,36.76
384,1,A,1,B,1,31.167,24.404,0.24,-12.826
385,1,C,1,A,0,39.719,5.633,0.434,40.618
386,0,A,0,A,1,14.843,10.507,0.428,88.181
387,0,B,0,C,1,17.191,9.134,0.482,48.522
388,1,B,1,A,0,24.602,4.297,0.652,44.19
389,1,B,1,A,1,40.823,6.267,0.579,55.562
390,1,A,0,A,0,26.146,7.767,0.359,-30.427
391,1,B,1,A,0,20.589,0.369,0.312,60.068
392,0,C,1,A,1,46.622,12.743,0.654,-1.092
393,1,C,1,B,1,32.183,10.689,0.569,6.71
394,1,A,0,A,0,30.538,3.979,0.596,-50.653
395,0,C,0,B,0,36.213,0.753,0.542,19.833
396,1,A,1,A,0,20.63,7.119,0.364,78.045
397,0,B,0,A,0,22.331,8.013,0.244,4.999
398,0,B,1,A,1,16.908,7.351,0.341,19.796
399,1,A,0,A,0,36.974,5.094,0.52,79.329
400,0,B,1,B,0,31.984,4.761,0.613,110.838
401,1,A,0,A,0,18.476,1.252,0.566,-0.976
402,1,C,1,A,0,41.998,5.469,0.374,34.435
403,0,C,0,A,0,21.665,6.352,0.202,-16.053
404,1,A,1,C,0,26.528,6.374,0.438,-56.551
405,1,B,1,A,1,23.886,12.818,0.342,100.619
406,0,B,0,A,1,32.302,12.861,0.4,8.87
407,1,C,1,A,1,30.257,20.814,0.54,34.828
408,1,B,1,A,1,24.339,10.683,0.188,-7.103
409,0,B,1,A,1,25.716,7.347,0.537,19.542
410,1,B,0,A,1,21.617,0,0.305,8.572
411,1,A,0,A,1,34.906,2.46,0.235,-0.542
412,1,C,1,A,1,21.713,11.913,0.273,63.458
413,0,A,0,A,0,32.257,3.998,0.518,-0.044
414,1,B,1,B,1,28.518,21.179,0.567,13.158
415,0,C,0,B,1,29.76,6.975,0.479,29.555
416,1,B,1,A,1,23.007,18.298,0.711,0.071
417,1,C,0,A,1,24.622,22.702,0.541,-4.802
418,0,A,0,A,0,20.062,6.824,0.481,32.954
419,0,B,1,A,1,25.52,9.769,0.193,20.996
420,0,A,0,A,0,32.225,4.474,0.31,86.476
421,0,C,1,A,1,42.016,14.182,0.471,95.187
422,0,A,0,C,1,19.068,11.566,0.323,51.143
423,1,C,1,A,0,19.034,6.397,0.456,-22.897
424,1,B,1,A,0,22.971,5.615,0.358,4.516
425,0,C,1,A,1,20.797,9.699,0.519,11.622
426,0,B,1,A,1,15.722,4.303,0.209,35.401
427,1,B,0,A,0,24.733,0.089,0.326,27.802
428,1,C,1,A,1,24.369,15.234,0.245,34.404
429,0,B,0,A,1,25.017,11.787,0.694,34.015
430,1,C,1,B,1,40.23,27.879,0.703,36.111
431,0,C,1,A,1,40.46,2.34,0.468,71.908
432,1,A,0,A,0,22.062,4.322,0.313,10.692
433,0,A,0,A,0,27.268,5.525,0.459,62.678
434,0,C,0,A,1,38.776,7.242,0.243,26.145
435,1,A,0,A,0,24.28,4.006,0.561,-4.734
436,1,C,1,A,1,45.496,18.814,0.402,-22.81
437,1,A,1,A,1,27.594,9.234,0.527,47.187
438,1,A,0,A,1,17.252,10.819,0.203,52.899
439,1,C,1,A,1,25.321,19.604,0.411,26.871
440,1,A,1,A,0,29.854,6.821,0.277,-13.163
441,1,C,1,A,1,32.853,12.876,0.402,-8.951
442,1,B,1,A,1,28.876,18.382,0.401,69.077
443,1,B,1,A,1,23.463,3.196,0.358,-6.879
444,0,A,0,A,1,28.136,9.15,0.489,0.795
445,0,A,0,A,0,26.31,2.64,0.242,-3.881
446,0,C,1,B,1,28.792,15.254,0.353,31.8
447,1,C,0,A,1,29.655,17.534,0.701,17.817
448,0,A,0,A,1,43.987,7.71,0.597,5.988
449,1,C,0,A,1,24.779,5.804,0.41,60.656
450,1,C,1,A,1,28.102,10.436,0.581,31.605
451,1,B,1,A,1,41.514,18.207,0.341,24.047
452,1,B,1,A,1,26.195,15.623,0.271,30.536
453,1,A,0,A,0,28.471,5.645,0.391,12.338
454,0,A,1,A,1,30.075,3.5,0.383,22.633
455,1,A,1,B,1,24.264,20.693,0.4,57.418
456,1,B,1,A,0,20.113,5.371,0.747,18.747
457,0,A,0,A,0,28.576,2.335,0.195,-6.715
458,0,B,1,C,1,38.635,8.933,0.474,-55.075
459,1,A,1,A,1,31.7,20.711,0.512,-0.604
460,1,A,0,A,0,42.731,2.324,0.406,-82.602
461,1,A,1,A,0,34.038,4.467,0.35,41.448
462,1,A,1,B,0,27.602,9.695,0.367,24.87
463,0,A,0,A,0,28.273,4.527,0.206,31.476
464,0,C,0,A,0,29.701,2.878,0.439,26.723
465,0,B,0,A,0,14.71,6.099,0.424,-67.948
466,0,B,0,A,0,37.186,7.014,0.243,-13.867
467,1,C,1,A,0,39.286,4.864,0.219,36.341
468,0,B,0,A,0,30.82,4.933,0.431,25.492
469,1,B,1,A,1,33.053,11.67,0.474,-9.702
470,1,B,1,B,0,25.934,4.051,0.312,-8.454
471,1,C,1,A,1,25.671,12.538,0.439,-23.71
472,1,B,0,B,1,34.363,16.042,0.188,-0.945
473,0,A,0,B,1,39.81,9.577,0.52,24.771
474,1,B,1,A,0,15.898,6.583,0.457,0.709
475,0,A,0,A,0,35.493,9.437,0.493,-25.378
476,1,B,0,A,1,23.117,7.88,0.455,53.788
477,1,B,0,A,0,33.424,5.814,0.337,117.087
478,0,A,1,B,1,38.909,5.257,0.476,11.54
479,1,B,0,A,1,29.043,10.796,0.559,-11.594
480,0,A,0,A,0,30.147,6.858,0.254,-126.333
481,0,A,1,A,1,29.157,13.396,0.41,-42.564
482,1,A,0,A,0,36.553,8.515,0.436,49.922
483,0,C,0,A,1,24.796,12.678,0.34,-20.578
484,0,A,0,A,0,20.764,3.825,0.717,40.249
485,0,C,1,A,1,37.174,5.792,0.478,15.734
486,1,A,1,A,0,46.751,2.359,0.411,5.065
487,1,A,1,C,1,37.73,14.397,0.704,75.42
488,1,B,1,A,1,20.403,10.415,0.408,19.559
489,1,B,1,A,1,34.253,13.499,0.25,28.151
490,0,B,1,A,1,32.915,14.252,0.168,67.107
491,1,C,1,A,0,28.292,1.441,0.45,30.687
492,0,A,0,A,1,33.781,11.881,0.482,46.111
493,0,B,0,B,1,30.267,10.583,0.655,-50.32
494,0,B,0,A,0,36.734,6.268,0.342,38.928
495,1,C,0,A,1,20.912,11.265,0.535,-34.02
496,0,B,1,A,1,31.793,14.043,0.454,22.225
497,0,A,0,B,1,41.113,15.338,0.685,-15.146
498,1,B,0,A,0,19.523,3.928,0.408,25.602
499,0,C,0,A,1,30.881,6.532,0.192,57.502
500,1,B,1,A,0,31.543,10.076,0.301,26.409
501,1,A,1,A,0,29.363,1.818,0.567,7.879
502,1,C,1,B,1,24.285,16.823,0.502,20.31
503,1,B,1,A,0,18.167,7.226,0.327,-3.932
504,1,B,1,A,0,28.729,5.658,0.128,110.939
505,1,B,0,B,1,23.382,7.576,0.424,3.581
506,1,B,0,A,0,30.229,3.635,0.504,50.362
507,1,B,1,A,0,25.044,8.571,0.263,-11.995
508,0,A,1,A,0,33.612,0,0.451,-28.483
509,1,A,1,C,0,28.344,9.078,0.18,87.188
510,1,A,0,A,0,21.62,6.374,0.479,33.636
511,1,A,0,A,0,28.524,3.602,0.262,0.015
512,1,B,1,A,1,30.555,9.726,0.421,30.978
513,0,B,1,C,0,27.576,8.325,0.358,34.7
514,1,B,1,A,0,25.55,3.246,0.331,48.182
515,0,B,1,A,1,39.489,13.203,0.44,31.257
516,0,B,0,B,0,24.53,11.809,0.595,-3.773
517,0,B,1,B,1,24.08,12.568,0.615,-41.617
518,1,B,0,A,1,15.507,17.589,0.554,19.752
519,0,A,1,A,0,22.098,2.775,0.514,58.666
520,0,A,1,A,1,21.854,12.757,0.249,-13.3
521,0,B,1,A,1,41.749,8.561,0.366,-9.684
522,1,B,0,A,1,34.511,9.693,0.425,67.885
523,0,A,0,A,0,29.759,7.634,0.397,59.907
524,0,A,0,A,0,34.48,0.389,0.539,17.559
525,0,C,1,A,1,28.592,7.651,0.147,25.639
526,0,C,1,A,1,26.518,9.008,0.404,54.984
527,1,C,1,B,1,25.523,17.409,0.565,12.986
528,0,C,1,A,1,20.501,6.497,0.32,40.968
529,1,A,1,A,1,28.03,13.908,0.594,28.123
530,1,C,1,A,1,25.49,20.562,0.333,-68.14
531,1,C,1,A,1,34.151,11.336,0.353,37.902
532,0,B,1,B,0,37.853,5.823,0.463,2.852
533,1,C,0,A,0,20.917,9.3,0.113,49.601
534,1,A,1,A,1,29.861,11.178,0.502,-23.09
535,1,B,0,A,1,32.3,16.624,0.43,62.518
536,1,B,0,A,1,20.135,10.431,0.614,4.612
537,0,B,0,A,1,38.067,9.391,0.304,-36.801
538,0,A,1,A,1,20.467,11.829,0.276,34.741
539,1,C,1,A,1,26.637,9.205,0.328,43.268
540,0,B,1,A,0,28.515,1.771,0.448,74.469
541,1,B,1,A,1,20.479,12.299,0.257,-13.401
542,1,A,0,A,1,40.585,12.088,0.4,21.208
543,0,A,0,A,1,25.541,15.99,0.493,5.954
544,0,A,0,C,0,23.656,3.511,0.184,2.225
545,0,B,1,A,1,31.737,16.961,0.675,-72.188
546,1,A,0,A,1,25.69,7.78,0.388,10.104
547,1,C,1,A,0,27.068,5.814,0.467,19.29
548,0,C,1,A,1,39.558,10.578,0.225,100.246
549,0,A,1,A,1,20.026,10.467,0.799,-32.126
550,1,A,0,A,0,24.893,3.945,0.353,33.227
551,0,B,1,A,1,28.749,7.209,0.279,-23.184
552,1,B,1,A,1,29.231,13.938,0.529,17.542
553,0,B,0,A,1,45.089,13.882,0.205,80.912
554,1,A,1,A,0,18.404,3.727,0.55,43.538
555,0,A,1,B,0,32.562,8.555,0.374,9.572
556,1,C,1,A,0,43.629,7.411,0.442,-79.283
557,0,B,0,B,1,15.32,8.613,0.513,25.838
558,1,C,1,A,1,17.469,14.885,0.475,29.606
559,0,A,1,A,0,29.163,0,0.152,132.006
560,1,A,0,A,0,16.725,5.064,0.424,4.462
561,1,B,0,A,1,33.717,14.179,0.197,-57.382
562,0,B,1,B,0,32.211,10.219,0.422,16.036
563,1,C,1,A,0,23.899,7.255,0.721,27.846
564,1,B,1,B,1,25.418,18.626,0.198,18.953
565,0,A,1,C,0,25.2,1.01,0.349,24.086
566,1,C,1,A,1,45.581,8.841,0.39,49.488
567,1,C,1,A,1,21.12,11.755,0.292,-49.103
568,0,C,1,A,1,16.85,7.518,0.199,69.947
569,0,A,0,C,1,32.571,11.672,0.457,23.361
570,1,A,1,A,1,33.678,16.045,0.482,16.111
571,1,C,0,A,0,37.937,0.017,0.543,-44.432
572,0,C,0,A,0,33.071,8.68,0.154,-10.088
573,1,B,1,B,0,24.626,7.121,0.286,22.312
574,0,A,0,A,0,19.78,3.493,0.46,38.485
575,1,A,0,B,0,31.476,3.625,0.379,18.891
576,1,C,0,A,1,31.802,12.981,0.187,30.286
577,1,B,1,B,1,18.368,14.881,0.521,64.714
578,0,A,1,A,0,32.943,5.388,0.425,-9.844
579,1,B,1,A,1,25.944,10.223,0.369,36.034
580,1,B,1,A,0,21.65,8.437,0.207,18.465
581,0,C,0,B,1,35.26,12.7,0.401,-11.502
582,0,A,0,A,1,36.22,9.511,0.348,49.116
583,1,C,0,A,1,36.102,15.802,0.295,-24.159
584,1,C,1,A,0,34.002,7.026,0.378,-4.797
585,0,B,1,B,0,44.077,5.504,0.589,14.417
586,1,A,1,B,0,28.819,6.579,0.208,41.194
587,0,C,1,C,1,27.742,8.154,0.42,72.301
588,1,A,0,A,1,16.145,17.595,0.461,34.037
589,1,A,1,A,0,35.081,2.843,0.35,15.086
590,1,A,0,A,0,38.601,6.623,0.572,-35.376
591,1,B,1,A,1,28.117,11.813,0.339,56.326
592,1,A,0,C,0,28.789,3.807,0.295,85.583
593,1,A,0,A,0,38.733,4.445,0.304,52.123
594,1,C,0,A,1,25.694,14.391,0.167,72.115
595,1,C,1,A,1,23.884,5.509,0.366,-31.221
596,0,A,0,A,0,26.718,8.788,0.264,-14.67
597,1,C,1,A,1,23.779,14.388,0.244,33.392
598,0,A,0,A,1,37.535,5.284,0.56,11.318
599,0,B,0,A,0,23.149,4.155,0.449,55.679
600,1,B,0,A,0,32.202,6.274,0.477,37.081
601,1,B,0,A,0,31.265,2.817,0.415,-32.145
602,1,C,1,A,1,33.364,8.265,0.276,-14.595
603,0,B,0,B,0,23.667,2.313,0.421,-19.463
604,0,B,0,A,1,47.336,14.985,0.571,103.621
605,1,B,0,A,1,39.053,12.463,0.539,-17.027
606,0,A,0,B,0,33.505,5.208,0.686,-4.183
607,0,A,1,A,0,26.951,0.822,0.15,0.986
608,0,C,1,A,0,19.375,6.184,0.457,50.066
609,1,C,1,A,1,33.882,14.642,0.492,26.48
610,1,B,1,B,0,19.978,2.356,0.407,87.337
611,1,A,1,C,0,31.345,2.551,0.6,-19.325
612,1,B,0,A,0,26.581,4.58,0.357,11.447
613,0,C,0,A,1,29.448,10.338,0.398,40.341
614,0,C,0,A,0,29.675,4.316,0.504,19.796
615,0,A,0,A,0,45.679,5.927,0.342,-17.134
616,1,A,1,A,0,27.17,5.866,0.411,77.795
617,1,A,1,A,0,25.556,4.475,0.683,13.997
618,1,B,0,A,1,27.072,7.362,0.437,6.518
619,1,B,1,B,0,24.412,8.062,0.493,51.049
620,0,B,1,A,0,22.159,2.185,0.318,4.234
621,1,B,1,B,0,31.661,3.566,0.329,-39.87
622,0,B,0,A,0,27.189,2.969,0.244,70.048
623,0,C,0,A,0,33.071,2.692,0.296,90.939
624,0,A,0,A,0,33.015,6.963,0.4,23.897
625,0,A,0,A,1,51.785,11.696,0.458,-140.202
626,1,A,0,B,0,18.355,6.486,0.396,117.012
627,1,A,0,A,1,33.452,6.182,0.424,33.639
628,0,C,0,A,0,31.005,6.237,0.607,55.531
629,0,C,0,A,1,21.741,7.806,0.366,87.048
630,0,A,0,B,0,29.912,7.009,0.278,44.104
631,1,B,1,A,0,28.215,10.779,0.313,7.207
632,0,A,0,B,0,23.955,2.18,0.233,-11.537
633,0,A,0,A,1,26.971,3.32,0.553,-35.63
634,0,B,1,A,0,30.346,0.655,0.261,51.538
635,1,A,1,A,0,27.429,4.463,0.384,75.114
636,0,B,1,A,1,27.129,17.675,0.616,36.191
637,1,B,0,A,1,25.613,7.031,0.57,0.464
638,0,A,0,B,0,28.164,4.387,0.342,63.111
639,0,B,1,C,1,30.031,8.67,0.425,33.027
640,0,C,0,A,1,27.151,14.107,0.381,47.992
641,0,C,0,B,1,27.502,9.847,0.547,33.386
642,0,C,0,A,1,25.865,11.024,0.538,29.426
643,1,B,0,A,1,22.43,14.68,0.482,-30.609
644,1,A,0,A,1,32.209,18.925,0.46,15.91
645,1,B,1,B,1,28.174,7.718,0.527,-21.653
646,1,A,1,B,1,20.378,11.277,0.377,66.855
647,1,A,0,A,0,23.177,0,0.374,-6.798
648,1,B,1,A,0,29.474,6.367,0.452,25.35
649,0,C,1,B,0,38.395,6.93,0.253,-21.659
650,1,C,0,A,1,36.58,13.034,0.456,60.942
651,1,B,1,A,0,24.656,8.01,0.593,39.552
652,1,A,0,A,0,29.7,4.481,0.386,63.226
653,0,A,1,A,0,25.452,7.085,0.364,85.048
654,0,B,0,B,1,25.019,1.382,0.606,25.606
655,0,B,0,C,0,39.257,1.199,0.32,13.306
656,0,A,1,A,0,34.886,2.412,0.294,5.676
657,1,A,1,B,0,33.791,3.84,0.501,56.916
658,1,B,1,A,1,33.536,10.142,0.28,7.261
659,0,A,1,A,1,48.652,10.927,0.718,10.04
660,0,C,1,A,0,35.562,12.83,0.587,-82.579
661,1,A,1,B,0,19.044,6.975,0.546,6.907
662,1,A,0,A,0,26.442,5.205,0.2,38.57
663,0,C,1,A,0,26.108,6.875,0.353,17.448
664,1,B,1,A,1,16.734,13.398,0.765,-25.449
665,0,B,0,A,1,28.879,6.079,0.142,16.805
666,1,B,0,A,0,26.594,8.189,0.48,-33.293
667,1,A,1,C,1,40.363,18.08,0.433,-34.479
668,0,B,0,A,0,37.531,2.201,0.345,-5.8
669,0,B,1,A,1,23.715,2.904,0.41,10.164
670,0,C,1,A,1,37.563,3.296,0.454,-14.121
671,0,B,1,B,1,28.654,13.583,0.269,-8.8
672,1,A,1,A,1,30.056,15.835,0.531,-1.685
673,0,A,1,A,0,41.186,6.206,0.299,52.35
674,1,A,1,A,1,42.12,19.076,0.51,60.719
675,1,B,0,A,0,43.791,1.312,0.418,15.282
676,0,B,1,A,1,27.137,13.131,0.215,48.237
677,0,C,1,A,1,29.826,10.178,0.42,66.653
678,0,B,1,A,1,34.274,12.381,0.46,26.74
679,1,A,0,A,0,37.031,4.124,0.464,85.629
680,1,A,0,B,0,28.84,6.993,0.225,10.642
681,0,B,1,A,0,19.804,7.983,0.606,6.032
682,1,B,1,A,0,30.003,6.308,0.47,2.492
683,1,C,1,C,1,33.309,20.781,0.283,4.334
684,1,B,0,A,0,29.675,10.137,0.339,18.151
685,1,B,1,A,1,38.58,13.676,0.324,2.79
686,1,A,1,A,0,16.968,6.517,0.19,69.835
687,0,A,1,C,1,16.633,6.628,0.473,10.664
688,1,A,1,A,0,30.989,6.352,0.486,12.463
689,1,A,0,A,0,21.957,9.457,0.738,101.507
690,0,B,0,A,0,18.493,6.767,0.4,27.603
691,0,B,0,A,0,31.599,4.317,0.432,22.929
692,0,C,1,A,0,25.307,6.352,0.414,49.557
693,1,B,1,A,1,28.123,15.164,0.599,-81.345
694,1,B,1,A,0,21.5,6.047,0.343,12.963
695,0,C,0,A,0,31.803,3.777,0.434,40.418
696,1,A,0,A,0,42.025,4.498,0.191,25.811
697,0,C,1,B,1,42.272,12.091,0.674,37.212
698,0,C,0,A,1,25.556,10.72,0.147,44.679
699,0,A,0,A,0,37.911,2.474,0.411,40.369
700,0,A,1,C,1,28.056,9.797,0.395,29.614
701,0,A,0,C,0,25.446,6.125,0.481,36.562
702,0,B,0,A,0,43.575,0.09,0.348,-33.287
703,1,A,1,A,0,22.084,2.561,0.536,-28.747
704,0,B,1,A,1,37.442,9.59,0.479,-11.036
705,0,B,0,A,1,44.486,17.643,0.218,-14.048
706,0,B,1,A,1,15.68,7.362,0.411,-19.047
707,1,A,1,A,1,37.814,9.351,0.561,30.691
708,0,A,1,B,1,26.628,11.361,0.225,8.177
709,1,A,1,A,0,33.6,2.438,0.197,-17.998
710,0,C,0,B,0,36.511,2.773,0.53,34.734
711,1,A,0,A,0,23.802,5.775,0.397,19.544
712,0,B,0,B,0,41.148,6.537,0.249,21.519
713,0,B,1,A,0,27.019,6.537,0.569,75.325
714,1,C,0,A,0,35.25,4.972,0.341,8.127
715,0,B,1,A,0,23.737,5.603,0.696,0.066
716,0,C,0,A,1,17.088,14.051,0.237,-5.565
717,0,B,1,A,0,47.875,4.282,0.551,-24.546
718,1,B,1,B,1,43.794,13.108,0.366,30.425
719,0,A,0,A,1,65.627,11.46,0.254,9.355
720,0,A,0,A,0,37.543,0.424,0.355,-1.629
721,0,A,1,A,1,18.287,16.88,0.434,-41.288
722,1,A,1,A,1,37.73,12.352,0.6,48.101
723,0,A,0,A,0,23.92,1.429,0.343,14.957
724,0,C,1,A,1,21.425,2.471,0.176,50.587
725,1,A,0,A,1,22.576,18.09,0.63,25.193
726,1,B,0,A,1,35.574,13.133,0.283,-15.897
727,1,B,1,A,0,43.723,11.342,0.239,48.665
728,1,A,1,C,1,33.808,15.94,0.396,9.783
729,0,A,1,B,1,25.25,14.804,0.348,39.871
730,0,B,0,C,1,44.962,4.582,0.744,-6.106
731,1,A,0,A,0,23.837,2.533,0.25,21.531
732,1,A,1,B,0,22.908,4.843,0.382,32.194
733,0,A,0,A,0,29.579,5.949,0.387,54.077
734,1,B,1,A,1,41.101,14.414,0.406,-11.401
735,0,B,0,C,1,26.687,8.529,0.376,-8.192
736,0,A,1,A,0,28.039,6.892,0.686,12.249
737,1,B,0,A,0,32.996,5.337,0.332,60.052
738,0,C,1,A,1,18.5,8.352,0.44,62.625
739,0,B,1,A,1,30.211,7.782,0.778,19.73
740,0,B,0,C,0,28.926,6.99,0.529,34.801
741,1,A,1,A,0,41.026,9.17,0.227,-62.626
742,0,A,1,A,1,43.853,9.864,0.465,-14.274
743,1,A,1,A,1,24.225,15.186,0.167,-10.889
744,0,A,0,A,1,25.846,8.486,0.398,-13.119
745,1,B,1,A,1,23.816,18.403,0.198,-7.55
746,1,A,1,A,0,35.188,0,0.381,-91.298
747,0,B,1,A,0,17.805,6.711,0.407,10.968
748,1,B,1,A,1,24.362,14.113,0.223,7.054
749,0,C,1,A,1,16.529,9.07,0.288,51.758
750,0,B,0,A,0,18.007,5.56,0.602,4.062
751,0,A,1,A,0,28.873,7.398,0.3,53.872
752,0,B,0,A,1,26.635,9.582,0.338,-18.565
753,1,B,1,A,0,26.435,5.648,0.4,16.578
754,1,B,0,A,1,31.447,12.009,0.578,32.756
755,1,A,1,A,0,27.26,10.101,0.499,22.454
756,0,A,0,B,0,58.291,0,0.436,46.102
757,1,A,1,C,0,32.816,6.871,0.629,21.138
758,0,C,1,A,0,31.275,4.426,0.164,-40.334
759,1,A,1,B,0,32.405,4.374,0.279,31.601
760,0,C,1,B,1,18.366,4.994,0.28,-86.767
761,0,B,0,A,0,29.319,5.721,0.388,63.225
762,1,A,1,A,1,33.095,13.716,0.307,-39.337
763,0,A,0,A,0,36.231,3.679,0.241,7.925
764,1,A,1,C,1,18.706,13.241,0.285,67.865
765,1,B,1,A,0,21.332,3.817,0.309,75.937
766,0,A,0,B,0,33.716,2.872,0.322,47.627
767,1,C,0,A,1,30.693,5.04,0.553,8.249
768,1,A,0,A,0,24.473,0,0.578,19.278
769,1,B,1,A,1,17.989,15.226,0.355,24.295
770,1,C,1,A,1,25.807,6.008,0.388,69.968
771,1,B,1,A,0,30.026,0.954,0.435,-39.105
772,0,A,1,A,0,28.855,6.395,0.344,19.787
773,1,A,1,B,1,40.037,14.454,0.487,-34.345
774,1,C,1,A,1,25.986,20.664,0.272,11.56
775,1,A,1,A,0,28.689,6.205,0.465,-10.41
776,1,B,1,A,0,37.184,3.79,0.371,39.165
777,1,C,0,A,1,20.89,14.88,0.536,7.899
778,0,A,0,C,0,22.985,9.974,0.555,-20.03
779,1,A,0,A,1,18.871,17.94,0.405,32.728
780,0,A,0,A,0,27.553,8.227,0.399,104.002
781,1,A,0,A,0,17.951,2.893,0.426,-4.325
782,1,B,1,A,1,45.282,4.115,0.585,19.626
783,1,C,1,A,0,19.297,3.387,0.56,69.184
784,0,A,0,A,0,31.757,4.175,0.277,16.748
785,1,A,0,A,0,28.864,7.01,0.388,5.606
786,1,B,0,B,1,31.925,17.604,0.623,35.986
787,1,A,1,A,1,47.607,30.541,0.375,49.856
788,1,A,0,A,1,36.658,16.342,0.526,39.29
789,1,B,0,A,0,22.326,5.611,0.667,3.418
790,0,A,1,A,1,47.651,8.087,0.12,55.104
791,0,A,1,A,0,25.986,3.088,0.286,34.873
792,0,B,1,B,1,47.933,5.607,0.376,-6.78
793,0,B,1,A,1,31.888,9.707,0.633,-4.119
794,0,C,0,A,0,16.445,8.27,0.514,1.201
795,1,B,0,A,0,36.296,3.239,0.26,2.705
796,1,A,1,B,1,33.03,23.11,0.453,14.194
797,0,A,0,B,1,28.118,5.777,0.259,38.591
798,1,B,1,A,0,31.918,1.95,0.468,3.955
799,1,B,1,C,1,22.808,15.515,0.344,30.298
800,0,B,1,A,0,26.169,3.172,0.61,42.826
801,1,B,0,A,0,27.94,9.209,0.293,-21.998
802,0,C,0,B,1,23.728,5.972,0.492,5.5
803,1,A,0,A,0,34.349,2.584,0.52,83.697
804,1,A,0,A,1,30.643,7.717,0.307,-90.174
805,0,B,1,A,0,28.9,6.596,0.381,64.387
806,0,C,0,A,1,23.676,14.296,0.361,24.056
807,0,A,1,A,1,16.317,15.476,0.429,1.53
808,1,B,1,A,0,20.351,6.02,0.67,-44.285
809,1,B,1,A,1,23.36,14.85,0.194,12.83
810,1,B,0,A,0,31.029,1.108,0.441,68.408
811,1,A,0,A,0,33.552,4.799,0.196,55.969
812,1,A,1,A,0,22.876,5.335,0.34,46.709
813,1,B,1,B,1,41.716,20.563,0.407,41.662
814,1,A,1,A,1,26.511,15.15,0.435,49.55
815,0,B,0,B,0,21.674,5.47,0.533,-10.603
816,0,C,1,A,1,24.357,4.438,0.167,27.384
817,1,C,0,A,1,26.581,14.991,0.506,-102.727
818,1,C,1,A,1,30.184,13.334,0.452,42.052
819,1,C,1,A,1,25.552,11.792,0.329,-20.844
820,0,A,1,B,0,23.097,8.927,0.331,70.243
821,1,A,0,A,1,37.533,12.826,0.421,-30.581
822,1,A,0,A,1,31.371,17.469,0.506,30.825
823,0,A,1,A,0,15.505,4.059,0.42,20.704
824,0,C,1,B,1,17.19,10.04,0.181,-34.156
825,0,C,1,A,1,27.53,5.036,0.252,6.381
826,0,B,0,A,1,20.508,7.474,0.479,15.324
827,0,C,1,A,1,23.845,3.181,0.46,-40.997
828,0,B,0,A,1,41.707,5.402,0.737,34.375
829,1,B,1,A,1,38.013,17.768,0.26,91.559
830,1,B,0,A,1,21.451,8.693,0.078,-58.542
831,1,C,1,A,1,24.454,9.638,0.403,-10.834
832,1,B,1,A,1,40.924,9.297,0.476,86.116
833,0,B,1,A,0,29.452,0.375,0.335,20.495
834,1,B,1,A,0,24.552,0.58,0.558,-51.035
835,1,C,1,A,0,30.125,1.569,0.325,52.224
836,1,A,1,B,0,22.056,3.167,0.451,-15.841
837,0,C,1,A,0,22.513,0.768,0.435,2.723
838,1,A,1,A,1,37.262,17.347,0.348,55.924
839,1,C,0,A,0,21.959,4.893,0.512,-28.247
840,1,C,1,A,0,23.08,2.013,0.396,58.091
841,1,B,0,A,1,23.877,20.829,0.282,13.162
842,0,B,1,A,0,24.929,8.898,0.153,90.983
843,1,C,1,A,0,19.722,6.895,0.374,-8.491
844,0,B,0,A,0,34.482,3.877,0.297,-25.656
845,0,A,1,C,0,28.748,3.924,0.571,23.682
846,0,B,1,A,1,28.136,11.898,0.61,18.694
847,1,B,1,B,0,40.468,4.544,0.322,0.148
848,1,C,1,A,1,28.205,18.865,0.468,21.422
849,0,A,1,A,1,26.588,4.2,0.167,-4.413
850,1,A,0,B,0,24.145,8.645,0.491,36.028
851,0,C,0,A,0,23.239,5.875,0.344,-18.416
852,1,A,0,B,0,33.363,7.052,0.342,43.224
853,0,A,0,A,1,48.986,5.184,0.232,-49.005
854,0,B,1,A,1,20.582,5.903,0.606,43.326
855,1,A,0,A,0,26.312,4.654,0.293,47.394
856,1,C,0,A,1,33.852,14.641,0.381,-7.165
857,1,C,1,A,1,26.031,15.443,0.335,-47.061
858,1,B,0,A,1,8.986,13.467,0.395,43.985
859,0,A,0,B,0,39.79,11.602,0.484,28.799
860,1,B,0,B,0,28.04,6.901,0.304,68.871
861,1,B,0,A,1,32.961,14.243,0.376,67.857
862,1,C,0,A,0,26.676,0.389,0.601,-1.608
863,0,B,1,A,0,29.482,4.423,0.319,24.469
864,0,A,0,A,0,25.646,1.62,0.297,-8.858
865,0,B,0,A,1,40.642,4.752,0.713,27.808
866,0,C,1,C,1,27.857,8.72,0.178,21.252
867,0,A,0,B,1,28.309,9.016,0.475,-39.729
868,0,B,1,A,1,25.559,13.361,0.285,62.484
869,1,A,0,C,0,23.637,6.43,0.286,44.029
870,1,C,0,A,1,24.574,16.281,0.525,-2.045
871,0,B,1,B,0,33.143,2.253,0.291,-0.727
872,1,B,1,C,1,25.046,8.308,0.576,38.557
873,0,B,1,B,1,24.118,5.987,0.254,72.522
874,1,C,0,A,1,28.563,16.39,0.468,20.247
875,1,C,0,A,1,27.164,14.757,0.349,52.677
876,0,B,0,A,0,33.092,9.706,0.463,87.192
877,0,B,0,A,1,34.507,10.341,0.121,1.059
878,0,B,1,A,0,25.08,0,0.601,59.896
879,1,B,1,A,1,35.03,11.313,0.395,54.623
880,1,A,1,A,0,21.16,6.307,0.235,65.862
881,0,C,1,A,0,37.448,5.454,0.411,49.003
882,0,B,1,A,1,20.728,8.913,0.367,9.597
883,1,C,1,A,1,15.972,9.617,0.346,28.554
884,0,C,1,A,1,46.885,11.881,0.12,63.432
885,1,A,1,A,1,44.836,12.811,0.167,46.008
886,1,C,1,B,1,31.798,17.066,0.388,45.699
887,0,A,0,A,0,34.679,15.278,0.474,-40.122
888,1,C,1,A,1,23.267,16.166,0.333,-54.212
889,1,A,0,A,0,24.443,3.058,0.414,54.907
890,0,C,1,A,1,15.648,12.473,0.385,26.985
891,1,B,0,A,1,27.654,14.567,0.241,80.264
892,0,A,1,C,0,25.927,7.934,0.386,38.242
893,0,B,1,A,0,44.176,6.106,0.493,79.131
894,1,C,0,A,0,44.565,11.421,0.524,30.415
895,0,A,0,A,0,33.368,9.101,0.431,-12.998
896,0,A,1,A,1,19.455,13.162,0.226,26.2
897,0,A,1,A,0,26.905,3.721,0.338,79.208
898,0,C,0,A,1,32.019,10.931,0.384,39.007
899,0,A,1,A,0,32.963,5.768,0.463,-20.992
900,0,C,1,A,0,25.754,9.022,0.327,44.871
901,0,C,1,A,0,27.518,0,0.355,25.94
902,1,A,0,A,0,24.776,3.418,0.128,12.569
903,0,A,1,B,0,28.193,0,0.331,78.899
904,0,A,0,C,1,19.932,13.984,0.175,-45.365
905,1,A,1,A,0,32.254,4.212,0.153,23.607
906,0,A,0,A,0,17.644,5.357,0.539,-20.441
907,1,B,1,A,1,25.047,13.587,0.321,-6.581
908,1,A,1,A,0,18.705,3.681,0.447,5.378
909,1,B,0,A,0,26.767,6.236,0.476,63.14
910,1,A,0,C,0,18.968,3.032,0.495,4.256
911,0,B,1,A,1,41.007,6.334,0.328,73.354
912,0,B,1,C,1,29.646,8.284,0.492,111.805
913,1,B,1,A,1,38.548,5.226,0.457,-68.216
914,1,A,0,A,0,40.2,6.879,0.291,-18.141
915,0,C,1,A,1,22.699,12.788,0.624,27.119
916,0,A,1,B,0,30.144,0,0.516,25.731
917,0,A,0,A,0,19.583,7.562,0.432,28.645
918,1,B,1,A,1,21.35,19.534,0.178,29.111
919,0,A,0,C,0,20.759,6.586,0.283,-4.926
920,0,B,1,A,1,49.47,11.493,0.425,-23.059
921,0,B,0,A,0,23.952,6.518,0.462,0.071
922,0,A,1,C,1,34.485,6.743,0.516,11.138
923,0,B,0,A,0,24.951,6.001,0.491,20.57
924,0,A,0,A,0,38.323,5.067,0.529,33.68
925,1,C,0,A,1,40.16,17.003,0.251,48.194
926,0,B,1,A,1,32.363,7.323,0.176,46.882
927,0,C,1,A,1,15.922,7.006,0.599,41.308
928,0,B,0,A,1,34.699,11.469,0.288,86.356
929,0,C,1,C,1,24.95,12.593,0.738,19.865
930,1,A,1,A,0,29.054,4.414,0.253,51.457
931,0,C,1,B,0,23.049,1.744,0.437,-0.602
932,0,A,0,C,0,30.126,4.265,0.495,48.906
933,1,C,1,A,1,19.07,23.655,0.312,17.107
934,1,B,0,A,0,25.718,8.744,0.478,-6.65
935,1,B,1,A,1,31.594,19.617,0.395,51.895
936,1,A,0,A,0,31.978,7.394,0.339,14.634
937,0,A,0,A,0,33.17,5.12,0.208,-5.767
938,1,A,1,A,1,26.365,10.112,0.406,24.04
939,0,B,0,C,0,33.95,0.872,0.336,58.317
940,0,C,0,B,0,33.884,3.168,0.623,9.806
941,0,C,1,A,0,24.021,7.456,0.388,51.882
942,1,B,1,A,1,46.749,17.991,0.55,20.22
943,1,C,1,A,0,31.212,2.946,0.305,10.129
944,1,A,0,A,0,30.018,4.469,0.424,30.293
945,1,C,1,A,1,33.523,16.739,0.558,-4.798
946,1,C,1,A,1,30.678,17.091,0.315,36.838
947,1,A,0,A,0,43.903,6.393,0.333,-60.504
948,0,A,0,B,1,38.815,11.584,0.308,13.202
949,0,A,0,A,1,44.203,11.798,0.222,63.169
950,0,A,0,A,0,32.547,6.378,0.276,41.38
951,0,B,0,B,0,29.897,3.711,0.788,-6.849
952,1,A,0,A,0,26.593,6.734,0.246,10.641
953,1,A,1,B,0,36.916,1.63,0.445,25.796
954,0,C,0,A,1,33.5,10.343,0.599,6.875
955,1,C,1,B,1,37.053,12.63,0.507,-62.646
956,1,A,1,B,1,24.578,14.152,0.489,-15.123
957,0,C,1,A,1,33.137,17.786,0.222,27.614
958,1,B,0,A,0,33.801,3.378,0.398,43.191
959,1,B,1,A,1,39.606,26.019,0.874,30.552
960,0,B,0,A,1,15.935,16.337,0.527,54.54
961,1,A,0,A,0,34.436,5.24,0.387,-9.895
962,1,C,1,A,1,34.188,10.521,0.32,29.005
963,1,C,1,A,0,26.583,4.21,0.299,4.039
964,0,C,0,A,1,28.514,16.759,0.468,40.763
965,1,A,1,A,0,17.729,2.434,0.266,66.77
966,1,C,1,C,1,25.461,15.281,0.431,14.217
967,0,A,0,A,0,25.718,2.805,0.301,40.271
968,1,C,0,A,0,31.733,0,0.572,51.545
969,0,B,0,A,0,24.006,8.546,0.379,22.955
970,0,A,0,A,0,28.027,6.825,0.433,20.516
971,0,A,0,A,0,22.754,8.674,0.308,25.405
972,0,A,0,B,1,19.216,10.557,0.366,57.543
973,0,B,1,A,0,24.925,0.141,0.547,68.372
974,1,C,1,A,1,26.333,14.359,0.552,-8.618
975,1,A,0,A,0,28.585,1.76,0.528,-55.163
976,0,A,0,A,0,32.074,7.87,0.372,-24.672
977,0,A,0,A,0,40.742,5.816,0.451,-41.599
978,1,C,1,B,1,18.058,12.224,0.365,-11.396
979,0,A,1,C,0,23.906,6.366,0.467,74.622
980,1,B,1,A,1,19.578,12.918,0.203,114.785
981,1,C,0,A,1,27.855,18.485,0.339,36.15
982,0,A,0,A,0,25.563,7.539,0.466,17.557
983,0,A,0,A,0,33.453,0.598,0.146,5.215
984,0,A,0,A,1,23.666,9.307,0.232,16.718
985,0,A,0,B,0,52.585,4.788,0.238,53.529
986,1,A,1,A,1,31.734,16.984,0.113,28.755
987,1,A,0,A,0,25.688,5.813,0.312,21.166
988,0,A,0,A,1,31.786,5.048,0.357,0.642
989,1,C,1,A,1,17.473,24.412,0.332,44.434
990,1,B,1,A,1,23.685,17.129,0.418,1.022
991,0,C,0,B,0,46.994,3.468,0.558,49.37
992,1,B,1,A,1,23.464,8.446,0.194,107.086
993,1,A,1,A,1,32.97,22.927,0.467,18.476
994,0,A,0,C,1,19.958,8.928,0.285,74.452
995,1,B,1,A,1,26.925,8.863,0.316,22.77
996,0,A,0,A,1,26.553,8.215,0.516,62.121
997,0,A,0,A,0,26.985,3.296,0.264,2.884
998,1,A,1,A,0,26.637,7.434,0.556,42.809
999,1,A,1,A,0,30.622,5.628,0.615,3.862
1000,1,C,1,A,0,27.874,5.224,0.489,4.917
1001,0,C,0,A,1,34.675,1.794,0.245,102.829
1002,0,A,1,C,1,27.825,15.31,0.612,23.698
1003,1,C,1,A,1,21.077,24.002,0.416,10.227
1004,0,B,0,A,0,26.229,9.071,0.396,9.611
1005,1,A,1,A,0,34.319,4.038,0.311,33.115
1006,1,B,1,A,1,27.095,12.052,0.43,-69.049
1007,1,A,1,A,1,25.532,11.811,0.346,22.622
1008,0,A,0,A,0,34.595,2.084,0.565,12.162
1009,0,A,0,A,0,32.115,7.426,0.33,28.595
1010,0,B,1,A,0,18.887,8.333,0.279,28.51
1011,0,A,1,A,0,41.945,1.265,0.727,28.066
1012,1,A,0,A,0,33.487,3.761,0.29,-54.624
1013,1,A,1,A,1,32.28,19.681,0.22,44.873
1014,0,C,0,A,1,29.79,8.15,0.179,-2.385
1015,1,B,0,A,1,28.751,9.071,0.355,-18.892
1016,1,C,1,A,1,42.752,12.724,0.445,17.514
1017,1,B,1,A,1,30.488,15.688,0.243,87.275
1018,1,A,0,A,0,33.332,1.46,0.367,27.191
1019,1,A,0,A,0,33.12,5.803,0.45,67.807
1020,1,A,1,C,0,28.659,7.52,0.53,87.575
1021,1,A,1,A,0,41.881,0.73,0.542,8.926
1022,1,A,0,A,0,18.289,8.67,0.454,-61.736
1023,0,A,0,B,0,29.233,7.948,0.259,-53.657
1024,1,A,0,A,0,23.092,6.164,0.446,6.301
1025,1,B,1,A,1,26.701,19.27,0.482,31.392
1026,0,B,1,B,1,23.79,6.431,0.357,45.776
1027,0,C,1,A,1,37.881,16.308,0.252,46.152
1028,1,B,1,B,1,32.325,12.637,0.344,91.229
1029,1,B,1,A,0,32.55,6.373,0.329,23.843
1030,0,A,1,B,1,35.495,12.374,0.407,53.784
1031,0,A,0,A,0,31.481,3.884,0.185,21.063
1032,0,C,1,C,1,24.789,12.361,0.541,26.513
1033,1,A,1,A,0,33.715,3.485,0.393,6.597
1034,0,A,0,C,0,27.893,9.501,0.32,32.803
1035,1,A,0,B,0,21.634,3.859,0.34,82.036
1036,0,C,0,B,1,35.794,12.572,0.183,45.59
1037,0,B,1,A,0,28.954,0.945,0.301,31.386
1038,1,B,1,A,1,31.851,18.035,0.233,39.918
1039,0,A,0,A,1,24.977,7.721,0.255,37.67
1040,1,A,0,A,0,27.453,4.114,0.42,19.092
1041,1,C,1,A,0,31.365,0,0.376,15.413
1042,1,A,0,A,0,38.454,9.429,0.406,23.825
1043,1,C,1,B,1,32.369,5.513,0.507,65.146
1044,0,C,0,A,0,35.341,0.187,0.413,30.935
1045,0,A,0,A,0,14.593,6.048,0.351,34.397
1046,0,B,0,C,1,21.535,8.593,0.407,13.007
1047,0,B,1,B,0,25.649,1.016,0.515,-57.061
1048,0,B,1,A,1,24.467,9.861,0.459,59.667
1049,0,A,1,A,0,29.729,1.988,0.503,19.838
1050,1,B,1,A,0,42.425,7.671,0.337,-18.734
1051,1,A,1,B,0,23.107,5.506,0.11,9.461
1052,0,C,1,A,1,23.133,11.995,0.272,57.146
1053,1,A,0,A,0,37.235,10.715,0.274,28.831
1054,0,A,0,A,0,23.336,5.387,0.74,-29.047
1055,0,C,1,A,1,46.362,11.847,0.485,37.993
1056,0,A,0,C,0,24.115,8.284,0.286,-3.562
1057,0,B,1,A,0,35.377,6.079,0.513,31.191
1058,1,C,1,A,1,29.598,14.315,0.292,17.854
1059,0,A,1,A,0,28.523,1.994,0.533,35.869
1060,0,A,0,A,0,31.213,6.756,0.662,24.821
1061,0,B,0,A,0,43.272,5.599,0.162,29.557
1062,0,B,1,A,0,24.306,12.137,0.365,7.967
1063,1,B,0,A,1,28.437,13.101,0.315,39.339
1064,1,A,1,A,0,23.425,5.145,0.311,47.567
1065,1,B,0,A,1,37.618,15.339,0.535,5.136
1066,1,B,1,A,0,19.234,6.455,0.323,62.342
1067,0,C,0,A,1,27.837,13.32,0.13,-78.765
1068,0,B,1,A,1,25.588,12.588,0.156,90.116
1069,0,A,0,B,0,25.551,6.692,0.271,-27.919
1070,0,A,0,A,1,40.808,10.254,0.306,-3.787
1071,1,A,1,C,0,19.177,8.637,0.583,-9.748
1072,0,C,1,A,1,22.418,14.947,0.644,60.668
1073,0,A,1,B,0,27.278,2.672,0.544,62.865
1074,1,C,1,A,1,28.112,26.414,0.291,19.788
1075,1,C,1,A,1,34.389,6.044,0.596,77.751
1076,0,A,1,A,0,24.805,8.869,0.303,-16.399
1077,1,B,0,A,0,17.085,2.027,0.468,70.258
1078,1,A,1,B,0,40.849,3.582,0.379,-22.15
1079,0,C,1,A,0,33.706,0,0.482,-19.241
1080,0,B,1,A,0,38.742,2.597,0.391,-12.213
1081,0,B,1,A,0,38.376,6.669,0.451,-4.425
1082,1,A,0,A,0,22.92,7.682,0.411,22.606
1083,1,C,1,A,0,22.881,3.404,0.554,-8.656
1084,0,B,1,A,1,44.885,12.46,0.473,3.247
1085,1,B,1,A,0,44.596,3.611,0.517,62.961
1086,0,B,1,B,1,31.932,8.649,0.397,-12.5
1087,0,B,1,B,0,16.144,1.597,0.648,28.568
1088,0,B,0,A,1,30.38,9.433,0.307,15.032
1089,1,B,1,A,1,28.703,15.947,0.239,-52.476
1090,0,C,1,A,0,25.58,4.2,0.591,-10.042
1091,0,A,1,C,0,36.026,2.47,0.455,-44.086
1092,1,C,0,A,0,41.689,12.28,0.328,62.688
1093,1,B,0,B,1,44.29,10.275,0.405,-0.518
1094,0,A,0,A,0,34.327,3.653,0.255,26.606
1095,1,C,1,A,1,17.095,20.144,0.2,3.505
1096,0,A,1,A,0,26.302,6.636,0.538,-10.424
1097,1,B,0,A,1,34.461,11.485,0.479,4.358
1098,1,B,1,A,0,26.868,7.733,0.149,15.969
1099,0,B,1,B,0,33.618,3.051,0.532,2.616
1100,0,A,0,C,1,23.653,8.922,0.532,31.883
1101,1,A,0,A,0,52.873,8.145,0.334,90.983
1102,1,B,1,A,0,24.45,7.462,0.452,46.342
1103,0,A,0,C,0,28.176,0.485,0.555,50.547
1104,1,C,0,A,0,32.201,6.779,0.227,1.989
1105,0,C,0,B,1,40.642,15.231,0.406,30.517
1106,0,B,0,A,1,43.711,8.021,0.212,41.976
1107,1,B,1,A,1,35.395,10.868,0.247,99.294
1108,1,B,1,B,0,31.313,8.278,0.424,47.135
1109,1,C,0,A,0,44.782,0.404,0.576,29.822
1110,0,B,1,A,1,44.956,10.789,0.522,7.031
1111,1,A,0,A,0,37.049,7.981,0.244,18.38
1112,1,A,0,A,0,36.663,7.687,0.254,-41.4
1113,1,A,1,A,1,42.868,16.6,0.461,41.898
1114,1,B,1,A,0,24.911,6.072,0.655,71.483
1115,0,C,0,A,1,41.578,4.32,0.75,75.902
1116,0,B,0,A,0,27.882,0.525,0.298,92.124
1117,0,C,0,A,1,33.585,2.144,0.449,89.436
1118,1,C,0,A,1,33.774,2.877,0.65,2.643
1119,1,A,0,A,0,26.253,2.468,0.516,23.504
1120,0,B,1,A,1,21.934,12.831,0.299,63.131
1121,0,A,0,A,0,33.21,9.386,0.43,7.765
1122,0,A,1,B,1,37.653,8.242,0.463,-46.451
1123,1,C,1,A,1,40.513,8.897,0.481,38.915
1124,0,C,1,A,1,28.551,14.431,0.17,32.725
1125,1,A,0,A,1,28.339,12.588,0.498,8.6
1126,0,B,1,A,1,18.648,6.596,0.222,64.235
1127,1,A,0,B,0,28.953,3.341,0.445,16.654
1128,1,B,1,A,0,19.97,5.772,0.278,3.835
1129,0,C,1,A,1,31.498,0.894,0.287,-8.816
1130,0,C,1,A,1,30.599,12.807,0.28,10.415
1131,1,B,1,B,1,18.884,13.328,0.33,-32.55
1132,0,A,0,C,0,22.328,11.921,0.524,23.619
1133,1,B,0,A,0,21.457,4.613,0.605,19.438
1134,1,B,1,A,1,48.012,6.079,0.437,-27.148
1135,1,B,1,A,1,27.788,10.48,0.285,-4.968
1136,0,A,0,B,1,16.249,16.089,0.286,28.788
1137,1,C,0,A,0,23.531,5.322,0.561,-22.678
1138,1,B,0,A,0,29.036,0.752,0.424,-49.979
1139,1,A,1,B,0,35.223,1.131,0.406,19.023
1140,1,A,1,B,1,25.701,16.502,0.648,43.445
1141,0,A,0,B,0,20.903,1.044,0.54,70.286
1142,0,A,1,A,1,34.165,11.347,0.324,-64.231
1143,1,A,1,A,1,32.576,13.839,0.351,1.607
1144,1,B,0,A,1,22.941,14.453,0.302,-124.579
1145,0,A,0,B,1,30.618,13.528,0.277,-45.894
1146,1,B,1,A,0,31.506,6.505,0.592,-0.592
1147,1,A,1,A,0,35.766,0,0.293,3.69
1148,0,C,1,A,1,52.447,12.286,0.437,-29.499
1149,1,A,0,A,0,36.506,0.037,0.5,52.399
1150,0,A,1,A,0,30.981,7.135,0.28,66.503
1151,1,A,1,C,0,46.513,1.662,0.798,-37.709
1152,0,C,1,A,1,32.24,14.299,0.532,-22.091
1153,0,B,0,B,0,32.456,6.249,0.419,28.806
1154,1,B,0,B,0,31.669,3.168,0.795,-97.875
1155,1,A,1,A,1,22.886,13.533,0.441,20.186
1156,0,A,1,C,0,29.564,3.757,0.545,21.9
1157,1,A,1,A,0,14.774,5.429,0.184,10.664
1158,0,B,0,B,0,32.833,7.938,0.562,63.396
1159,0,A,0,A,1,18.437,16.483,0.427,17.226
1160,0,B,0,A,0,44.413,5.156,0.404,36.61
1161,1,B,1,C,1,18.923,7.741,0.132,28.233
1162,1,C,0,A,1,33.29,7.978,0.369,-28.667
1163,0,B,0,B,1,30.221,8.754,0.355,59.978
1164,0,B,1,A,1,27.508,17.444,0.476,92.797
1165,1,A,1,A,0,29.838,3.652,0.226,-17.461
1166,1,A,0,A,0,40.146,2.345,0.623,-15.041
1167,1,B,1,A,0,28.714,4.634,0.4,52.258
1168,1,B,0,B,0,22.295,3.974,0.334,-43.366
1169,0,A,0,C,0,16.042,3.833,0.486,23.997
1170,0,A,1,C,1,18.212,12.533,0.227,-23.317
1171,0,A,1,A,1,21.956,4.928,0.303,40.325
1172,1,B,1,A,1,24.505,14.559,0.51,33.279
1173,0,A,0,A,0,29.731,7.118,0.278,21.761
1174,1,A,0,A,0,56.184,10.021,0.403,-6.681
1175,1,C,1,A,1,28.56,11.56,0.434,-46.494
1176,1,C,0,A,0,40.202,5.774,0.271,-21.481
1177,1,A,1,A,1,20.651,20.251,0.316,-38.629
1178,1,B,0,A,0,32.717,4.881,0.521,59.191
1179,1,B,0,A,0,29.406,5.852,0.563,37.897
1180,0,C,1,B,1,23.462,6.086,0.176,59.764
1181,1,C,0,A,0,24.935,3.684,0.7,9.608
1182,0,C,0,A,1,34.92,3.821,0.538,24.048
1183,0,B,0,A,1,25.503,9.377,0.546,37.127
1184,0,A,0,A,0,33.958,0,0.46,7.162
1185,0,B,1,A,1,36.271,12.147,0.496,-1.424
1186,1,B,1,A,0,26.137,2.141,0.237,88.301
1187,0,C,0,A,1,23.613,19.806,0.287,65.123
1188,0,A,0,A,0,35.455,1.347,0.404,62.397
1189,1,B,1,A,1,22.077,22.157,0.68,87.238
1190,1,A,1,A,0,34.698,6.851,0.212,51.905
1191,1,B,0,A,0,25.88,5.861,0.44,29.524
1192,0,B,1,B,1,18.205,13.297,0.105,37.837
1193,0,B,0,A,1,28.781,4.461,0.401,65.927
1194,1,A,1,A,1,27.052,16.95,0.686,-25.468
1195,0,A,0,A,1,26.031,12.11,0.268,-48.66
1196,1,B,1,A,1,23.484,14.021,0.253,-3.054
1197,0,B,0,A,0,23.098,7.61,0.638,38.5
1198,1,B,0,A,1,19.405,25.904,0.575,18.157
1199,1,B,1,A,1,25.513,17.147,0.117,62.333
1200,1,C,1,A,1,31.482,14.094,0.103,42.089
1201,1,C,1,A,1,24.439,9.683,0.307,105.419
1202,1,A,1,A,1,31.794,13.116,0.497,19.798
1203,0,B,0,A,0,34.897,3.786,0.479,26.738
1204,0,B,1,A,1,30.251,6.162,0.186,45.744
1205,0,B,1,C,0,30.302,0.57,0.484,-94.077
1206,0,A,1,A,0,50.166,8.388,0.346,33.234
1207,1,B,0,A,0,24.012,6.526,0.268,82.258
1208,1,B,1,A,0,29.57,5.39,0.509,88.924
1209,0,A,0,A,0,35.739,8.007,0.198,27.757
1210,0,B,0,A,0,30.165,4.082,0.497,36.259
1211,1,A,0,A,0,36.807,3.91,0.35,18.344
1212,0,A,1,A,0,33.288,6.507,0.258,5.722
1213,1,A,1,A,0,30.647,6.828,0.272,36.337
1214,0,C,1,B,1,21.413,10.625,0.241,10.784
1215,0,C,1,A,1,23.035,11.955,0.429,44.754
1216,1,B,1,A,1,21.454,17.05,0.322,9.102
1217,1,C,1,C,1,55.999,11.959,0.374,81.547
1218,0,A,0,B,1,21.694,5.549,0.557,79.405
1219,0,B,1,A,0,28.884,11.566,0.267,-42.116
1220,0,B,0,B,0,22.681,8.195,0.514,67.068
1221,0,B,1,C,0,29.481,9.891,0.606,21.48
1222,0,B,1,C,1,20.956,13.068,0.318,-0.599
1223,0,A,1,A,0,23.094,0,0.309,13.99
1224,0,B,0,A,1,18.484,13.443,0.525,1.697
1225,1,A,0,A,0,25.087,3.335,0.354,-6.428
1226,1,C,1,B,1,29.575,8.56,0.467,62.048
1227,1,A,1,A,0,29.471,0.498,0.473,16.748
1228,1,A,1,B,1,38.435,14.211,0.425,4.951
1229,0,C,1,A,0,22.202,15.738,0.317,26.485
1230,1,C,0,A,1,26.359,13.527,0.639,17.348
1231,0,A,1,B,1,27.208,8.424,0.211,59.515
1232,1,A,0,A,0,24.29,11.184,0.599,-39.268
1233,0,A,0,C,1,17.154,7.123,0.509,12.867
1234,1,B,1,B,0,28.381,7.681,0.197,-5.506
1235,0,B,0,A,1,16.307,9.084,0.39,-14.839
1236,1,B,0,A,0,27.284,7.153,0.497,48.604
1237,1,B,0,A,1,26.485,13.797,0.483,8.044
1238,0,A,0,A,0,19.201,5.575,0.602,2.804
1239,0,B,1,A,1,26.389,16.479,0.364,13.784
1240,0,B,1,A,0,28.017,4.744,0.315,-49.051
1241,1,A,1,C,1,35.445,13.28,0.289,-1.643
1242,0,B,1,A,0,38.521,3.05,0.409,-17.269
1243,0,B,1,A,1,23.588,5.823,0.289,6.547
1244,1,B,1,B,1,32.735,18.141,0.579,74.23
1245,0,C,0,A,1,27.611,6.544,0.482,42.89
1246,1,A,1,A,1,28.727,16.039,0.529,45.052
1247,1,A,1,A,0,32.64,3.592,0.636,-18.063
1248,1,A,1,A,0,20.404,8.465,0.347,63.702
1249,1,A,1,B,1,25.184,12.367,0.662,29.404
1250,0,C,1,B,1,28.649,9.209,0.294,24.623
1251,0,B,0,A,1,32.012,12.881,0.553,25.034
1252,0,B,0,A,0,21.467,5.097,0.524,-5.698
1253,1,B,1,A,1,43.047,12.959,0.446,-34.889
1254,1,B,0,A,1,20.553,16.747,0.449,5.532
1255,0,B,0,A,1,24.715,18.763,0.3,0.833
1256,1,B,0,A,1,39.383,19.58,0.303,6.982
1257,0,B,0,A,0,19.646,9.073,0.376,25.168
1258,1,B,1,A,1,32.087,10.118,0.409,-49.764
1259,1,A,1,A,1,21.92,20.728,0.539,-1.349
1260,1,C,0,A,1,29.119,12.456,0.322,70.212
1261,1,A,1,A,0,30.32,6.21,0.347,2.293
1262,1,B,0,A,1,24.473,15.459,0.486,-0.681
1263,1,C,1,B,1,38.29,20.054,0.561,-32.899
1264,1,A,0,A,1,26.555,10.209,0.261,78.682
1265,0,A,0,A,0,20.885,2.393,0.383,-72.571
1266,1,B,1,A,0,23.287,3.271,0.45,50.384
1267,1,A,0,A,0,16.432,4.915,0.29,-27.631
1268,1,B,0,B,0,32.454,3.095,0.522,26.788
1269,0,C,1,A,1,34.419,9.261,0.399,12.511
1270,0,B,0,A,0,29.322,5.085,0.364,2.818
1271,0,C,1,A,0,40.731,2.715,0.407,16.706
1272,1,B,0,A,0,28.58,0,0.314,5.175
1273,0,B,1,A,1,19.45,10.692,0.375,-15.152
1274,1,A,0,A,1,32.634,13.792,0.559,26.643
1275,0,B,0,A,0,29.426,10.775,0.28,66.101
1276,0,A,0,A,1,22.134,8.74,0.67,11.432
1277,1,C,0,A,1,29.76,15.514,0.587,80.854
1278,0,C,1,B,1,23.633,6.365,0.348,38.959
1279,1,C,1,A,0,36.811,11.075,0.206,38.657
1280,0,A,1,A,0,20.402,4.043,0.355,54.247
1281,1,C,1,A,1,36.929,12.832,0.403,55.774
1282,1,C,1,A,1,21.545,15.177,0.303,53.571
1283,0,A,1,B,0,27.493,1.98,0.394,39.612
1284,1,A,0,A,0,33.719,6.476,0.543,19.453
1285,1,A,1,C,1,33.322,5.976,0.499,93.402
1286,0,A,0,A,0,31.15,3.879,0.633,-49.987
1287,0,C,0,A,1,33.186,13.662,0.494,53.906
1288,0,A,0,A,0,22.862,6.332,0.323,-1.079
1289,0,C,1,A,1,30.184,9.52,0.319,55.459
1290,1,A,0,A,1,40.346,17.084,0.564,53.719
1291,1,B,0,A,0,27.593,2.69,0.674,29.232
1292,1,C,1,A,1,30.707,9.553,0.595,17.151
1293,1,C,0,A,1,22.771,14.82,0.31,1.656
1294,1,B,0,A,1,25.631,16.886,0.347,-24.123
1295,0,A,1,A,0,39.042,3.563,0.27,-7.286
1296,1,A,0,C,0,20.017,7.509,0.76,9.959
1297,1,C,0,A,1,25.687,20.764,0.392,25.279
1298,1,A,0,A,0,38.39,0.116,0.305,131.57
1299,0,A,1,A,1,38.649,5.694,0.251,49.229
1300,0,A,0,A,1,39.465,6.854,0.523,3.723
1301,1,B,1,A,1,22.929,17.174,0.271,9.793
1302,0,A,1,A,0,29.989,4.124,0.504,36.009
1303,1,B,1,A,1,31.822,16.596,0.31,-2.904
1304,1,A,0,A,1,26.502,13.28,0.327,98.769
1305,1,C,0,A,1,61.475,14.205,0.069,52.561
1306,0,A,1,A,1,22.468,8.046,0.453,73.585
1307,1,C,1,A,1,30.675,16.924,0.209,-18.769
1308,1,C,1,A,0,28.173,7.514,0.362,100.034
1309,1,A,0,B,0,31.769,2.624,0.331,7.189
1310,0,A,1,B,0,33.996,8.703,0.531,-53.617
1311,0,C,1,A,1,26.086,15.76,0.254,5.559
1312,1,B,1,A,0,21.019,4.198,0.231,-25.768
1313,1,A,1,A,0,27.411,7.029,0.59,43.216
1314,0,C,0,B,0,40.611,3.231,0.683,56.342
1315,1,B,0,B,1,21.867,5.655,0.235,10.026
1316,1,B,1,A,0,22.759,6.413,0.357,52.548
1317,0,A,0,A,1,23.486,1.485,0.452,63.8
1318,1,B,1,A,1,30.74,14.641,0.124,19.33
1319,1,A,0,A,0,21.562,6.359,0.32,-20.675
1320,1,A,0,B,0,24.042,1.205,0.253,15.641
1321,0,A,0,A,1,25.15,4.897,0.365,-22.08
1322,0,B,0,B,0,29.376,6.244,0.32,28.302
1323,0,A,0,A,1,30.404,11.613,0.326,22.671
1324,0,C,1,C,1,19.501,8.897,0.599,-39.277
1325,0,B,0,A,1,25.847,10.713,0.38,23.279
1326,0,B,1,A,1,26.863,10.849,0.72,-11.961
1327,1,B,0,A,1,27.934,12.322,0.248,-12.542
1328,0,B,1,B,1,31.58,12.951,0.363,60.172
1329,1,C,1,A,1,17.626,19.863,0.462,-27.27
1330,0,A,0,A,0,25.277,0,0.36,8.441
1331,1,A,1,C,1,24.277,15.736,0.525,21.274
1332,1,C,1,A,1,36.893,16.477,0.228,8.301
1333,0,C,1,A,1,16.653,4.185,0.135,25.854
1334,1,B,0,A,0,51.45,3.582,0.641,13.068
1335,0,C,0,B,1,48.668,10.149,0.606,100.679
1336,0,C,1,A,1,31.569,18.853,0.309,-12.299
1337,1,A,0,A,0,35.151,2.247,0.441,85.662
1338,0,A,0,A,0,45.555,6.193,0.533,6.083
1339,1,A,1,A,1,17.862,13.39,0.305,-42.595
1340,0,A,0,B,1,29.724,4.228,0.384,11.105
1341,1,C,1,A,1,46.355,15.892,0.433,39.811
1342,0,A,1,A,0,24.203,7.885,0.268,-60.108
1343,1,A,0,A,1,36.644,11.522,0.521,35.405
1344,1,B,0,A,0,22.567,0,0.501,-13.785
1345,0,A,0,A,0,30.543,6.511,0.695,19.859
1346,0,A,0,B,0,39.785,3.304,0.623,-13.184
1347,0,C,1,A,1,38.783,9.07,0.235,41.926
1348,1,B,0,A,1,37.464,16.438,0.427,36.766
1349,1,C,1,A,1,22.438,13.748,0.743,36.641
1350,0,A,0,A,0,35.613,8.004,0.587,-10.595
1351,1,C,0,A,1,18.584,11.297,0.209,25.139
1352,0,B,1,A,1,44.339,13.783,0.533,27.491
1353,1,C,0,A,0,36.248,5.644,0.432,25.408
1354,0,A,0,A,0,40.661,4.084,0.294,45.405
1355,1,C,1,A,0,35.584,6.737,0.387,15.692
1356,0,B,0,A,1,35.881,10.685,0.417,0.964
1357,0,C,0,A,1,34.886,15.751,0.357,40.004
1358,1,B,1,B,1,46.662,16.32,0.293,1.575
1359,1,B,1,A,0,25.875,7.351,0.445,8.228
1360,1,B,1,A,1,29.868,13.301,0.305,3.08
1361,1,B,1,C,1,31.704,11.678,0.415,63.708
1362,0,C,1,C,1,20.032,20.154,0.412,-16.82
1363,0,C,0,A,0,39.175,3.304,0.581,-11.566
1364,1,B,1,B,0,21.442,3.914,0.115,61.676
1365,1,B,1,A,0,39.892,1.248,0.269,22.789
1366,1,C,0,A,1,30.394,20.598,0.354,40.597
1367,0,C,1,A,0,25.036,5.398,0.363,85.716
1368,0,A,0,A,0,33.439,1.095,0.362,-14.24
1369,1,A,1,A,1,47.099,13.22,0.599,-36.723
1370,0,A,0,A,1,31.755,9.021,0.331,31.532
1371,1,C,1,A,1,26.551,21.112,0.742,-35.554
1372,0,C,1,A,1,25.54,9.746,0.481,15.048
1373,1,A,1,A,0,30.849,1.19,0.354,26.485
1374,1,A,1,A,1,20.566,13.655,0.332,3.582
1375,0,B,1,A,1,15.055,8.799,0.504,49.806
1376,0,C,1,A,1,49.906,12.92,0.32,3.684
1377,0,B,1,A,0,26.066,5.9,0.3,27.15
1378,1,C,1,C,1,22.777,22.268,0.536,18.951
1379,1,B,1,A,1,20.429,8.199,0.404,-22.452
1380,1,C,1,A,1,18.817,16.236,0.382,29.895
1381,1,A,0,A,0,18.966,0.845,0.435,57.19
1382,0,B,1,A,1,21.527,7.923,0.719,4.116
1383,0,A,0,A,0,18.011,8.033,0.421,21.885
1384,1,A,1,A,0,33.093,6.435,0.194,30.086
1385,1,B,1,A,1,27.177,11.907,0.486,41.101
1386,0,B,0,A,1,12.263,10.608,0.219,-0.816
1387,0,A,1,B,0,42.999,9.219,0.556,15.144
1388,0,A,0,A,0,35.915,3.462,0.265,42.618
1389,1,A,1,B,0,37.455,4.347,0.488,-27.791
1390,0,B,1,A,0,22.91,5.332,0.317,-9.067
1391,0,A,0,B,0,29.741,3.766,0.681,24.699
1392,1,A,0,A,0,29.109,2.48,0.562,69.583
1393,0,A,1,C,0,34.664,6.65,0.413,4.368
1394,0,C,1,A,1,27.801,5.076,0.653,-91.149
1395,1,C,1,A,0,26.511,6.451,0.466,42.649
1396,1,A,0,A,1,20.43,12.765,0.209,11.855
1397,1,C,0,A,1,28.264,13.665,0.553,26.908
1398,1,C,1,B,1,39.506,13.295,0.188,15.623
1399,0,B,0,A,0,38.262,6.422,0.25,-6.297
1400,0,A,1,A,1,29.446,10.184,0.32,-6.809
1401,1,A,0,A,0,28.236,6.244,0.486,-51.812
1402,0,B,0,A,0,39.79,0,0.338,30.262
1403,1,B,0,A,0,28.792,7.859,0.29,82.779
1404,0,A,1,A,0,43.691,7.243,0.178,109.745
1405,0,B,1,A,1,50.771,6.837,0.278,6.993
1406,0,C,0,B,0,38.245,6.792,0.355,42.636
1407,1,C,0,A,1,27.024,18.927,0.681,-10.18
1408,1,A,1,A,0,30.115,3.956,0.463,-39.381
1409,1,A,1,A,1,26.764,18.767,0.174,24.803
1410,0,A,1,A,0,25.959,3.873,0.574,52.215
1411,0,A,0,A,1,38.025,12.914,0.423,41.838
1412,1,C,1,A,0,27.18,4.427,0.301,73.275
1413,0,B,1,B,0,36.694,0,0.276,57.54
1414,0,A,0,C,0,26.95,5.843,0.513,74.67
1415,0,C,1,A,0,24.855,11.158,0.505,97.016
1416,0,A,0,A,0,31.706,8.319,0.47,-7.001
1417,0,B,0,B,1,23.23,7.316,0.295,38.926
1418,0,C,1,B,0,28.201,1.807,0.141,5.492
1419,1,B,1,A,1,38.638,20.014,0.439,63.941
1420,1,C,1,A,1,22.63,15.281,0.181,23.82
1421,0,A,1,A,1,37.041,5.884,0.37,84.334
1422,1,B,0,A,1,25.885,11.53,0.469,16.691
1423,0,B,0,B,0,26.526,7.475,0.436,57.67
1424,1,A,0,B,0,39.104,5.355,0.462,51.977
1425,0,C,0,A,0,32.467,7.345,0.369,42.738
1426,0,A,1,C,1,26.957,9.547,0.643,34.548
1427,1,B,1,A,0,30.442,5.216,0.349,-20.879
1428,1,B,0,A,0,26.917,4.643,0.223,39.409
1429,0,B,0,B,1,30.411,4.924,0.221,12.12
1430,0,C,0,A,0,49.896,3.673,0.419,22.537
1431,0,C,0,A,0,23.868,4.28,0.406,46.591
1432,1,C,1,A,0,31.477,3.449,0.653,34.266
1433,1,C,1,B,1,25.684,3.535,0.26,-5.832
1434,1,B,1,A,1,32.049,16.095,0.204,52.568
1435,0,B,1,A,0,30.61,4.64,0.494,76.456
1436,1,A,1,B,0,34.754,10.568,0.544,37.784
1437,1,B,1,A,1,39.931,11.841,0.25,29.307
1438,1,A,0,A,0,30.628,2.419,0.558,-25.771
1439,0,A,1,A,1,49.657,7.418,0.139,-14.002
1440,0,A,0,C,1,16.276,19.568,0.614,-5.976
1441,0,C,1,A,0,26.091,6.609,0.476,106.138
1442,0,B,0,A,1,23.059,6.768,0.403,80.028
1443,0,B,1,A,1,26.275,10.237,0.422,-24.367
1444,1,A,0,C,0,24.692,7.258,0.388,5.666
1445,0,B,1,A,0,22.158,2.451,0.629,-19.324
1446,1,C,0,A,1,25.679,18.598,0.237,61.25
1447,1,B,1,A,1,37.626,19.284,0.539,15.623
1448,1,C,1,A,1,31.408,14.627,0.58,40.293
1449,1,C,1,A,1,18.332,12.742,0.261,15.556
1450,0,A,1,A,1,43.143,17.32,0.473,-15.656
1451,1,A,1,A,0,52.19,5.337,0.536,5.85
1452,0,A,1,A,0,19.875,8.509,0.338,64.805
1453,1,A,0,A,0,27.108,5.031,0.226,31.26
1454,0,C,1,A,1,17.234,7.504,0.356,107.211
1455,0,B,0,B,1,25.019,9.956,0.549,35.928
1456,0,A,0,A,0,23.113,4.093,0.281,41.123
1457,0,A,0,B,0,29.4,6.966,0.304,-8.882
1458,1,B,0,A,0,33.506,2.484,0.322,52.261
1459,0,B,1,A,0,18.974,4.691,0.296,112.887
1460,0,C,0,A,1,35.833,15.711,0.523,-50.637
1461,1,A,0,A,1,30.942,10.491,0.392,18.217
1462,0,A,0,B,0,25.884,3.834,0.312,-22.664
1463,1,A,0,A,0,35.183,5.991,0.527,-33.16
1464,1,C,0,A,1,35.59,23.989,0.221,67.283
1465,1,A,0,A,0,39.61,4.017,0.505,32.033
1466,1,B,0,A,0,20.764,10.839,0.282,49.363
1467,0,B,1,A,1,32.328,13.148,0.612,-11.576
1468,1,A,0,A,1,35.261,15.654,0.499,32.129
1469,0,A,0,A,0,16.286,2.559,0.207,30.774
1470,0,C,1,A,1,22.779,10.218,0.612,62.809
1471,0,B,0,C,1,46.096,8.207,0.293,-9.762
1472,0,C,1,A,0,27.888,4.217,0.194,-64.622
1473,0,A,0,C,0,28.704,2.229,0.273,-17.47
1474,0,C,1,A,1,38.341,18.712,0.764,51.498
1475,0,A,0,A,1,16.371,7.493,0.21,-13.031
1476,0,B,1,A,0,34.267,0,0.33,16.184
1477,0,C,0,A,1,16.981,14.117,0.502,-48.138
1478,0,B,1,A,1,21.657,3.921,0.592,-6.357
1479,0,B,0,A,0,23.887,6.771,0.562,30.37
1480,0,C,1,A,0,19.511,2.504,0.623,18.203
1481,0,B,0,A,0,23.675,4.377,0.46,-11.669
1482,1,A,1,A,0,23.368,0.754,0.499,19.662
1483,0,B,0,A,0,28.638,2.547,0.551,5.667
1484,0,A,1,A,1,23.368,13.196,0.549,26.061
1485,0,B,0,A,1,31.799,14.399,0.389,22.657
1486,1,C,1,A,1,30.548,23.857,0.338,-49.727
1487,1,A,1,A,0,37.186,4.923,0.293,40.587
1488,1,B,1,B,0,34.118,8.194,0.419,50.657
1489,1,A,0,A,0,14.144,1.133,0.629,-21.967
1490,1,A,0,A,1,25.796,15.271,0.324,16.256
1491,1,A,1,A,1,27.747,4.907,0.221,8.966
1492,0,C,1,B,0,28.804,4.333,0.316,-37.191
1493,0,A,0,A,0,39.026,4.011,0.541,25.828
1494,0,B,1,A,0,24.429,5.614,0.218,33.955
1495,0,B,1,C,1,23.17,3.382,0.341,-59.825
1496,1,C,1,A,0,20.179,1.983,0.406,34.794
1497,0,C,0,A,0,25.184,6.051,0.382,5.557
1498,0,A,0,A,0,13.045,6.028,0.271,9.607
1499,1,B,0,A,0,23.026,5.413,0.477,44.779
1500,0,A,0,A,0,36.19,6.315,0.299,-92.69
